Repo Name,File Name,Release Version,TLSH Hash,SHA256 Hash,Imphash,Date Added,Intel
bettercap/bettercap,bettercap,v2.31.1,T1F7578D86F89304E6CBBEF13086915223BA713495C3217BDB1FE4D96536A6BE42B7D310,6076038723228a17a5d6ddb440a35a17e3fef7e79c467729b0cff92a40c26885,N/A,2021-05-22T13:43:54Z,https://github.com/bettercap/bettercap
bettercap/bettercap,bettercap,v2.31.1,T152677C86BC1E2577DFC86A71B7AA03DC333D704CC55183265621D6B9ADE239C8F672A0,a278b191f7d36419d390dfca4af651daf1e9f1c7900ec1b3f627ab6c2f7b57e2,N/A,2021-05-22T13:43:54Z,https://github.com/bettercap/bettercap
bettercap/bettercap,bettercap,v2.31.1,T1B7775C86FC5205F6CFFAE4708A961368BB303059C32177D71BA495B51E22BEC6A7E350,74e85473d8cbeaa79b3c636032cbd0967387c4e9f95e253b4ae105eccd208a4f,N/A,2021-05-22T13:43:54Z,https://github.com/bettercap/bettercap
bettercap/bettercap,bettercap,v2.31.1,T1EA576CC7F8528573CFE42E76E8BE42C833360179C387A5495D1AD8387A6B1ED4AB5390,ba850327b349ed0497fd6e262ecacb6acc0cde54f3bf4b824f23a000b664d8ce,N/A,2021-05-22T13:43:54Z,https://github.com/bettercap/bettercap
bettercap/bettercap,bettercap.exe,v2.31.1,T11D873985F99504ABCF68E534C69653107770BC508F22ABC72B95BA3D6D72BE42EBD300,7e0e6556e8f8e84c86c5f4bc9c42c1f28d3118e403eed573ed5d1b4bb62b4fc8,34d63baeefdcf7792cff32a13bca208b,2021-05-22T13:43:54Z,https://github.com/bettercap/bettercap
bettercap/bettercap,bettercap,v2.31.0,T1A5677E86BC2E65B7DFC86671BB9A03DC333D704CC19183265661D6B49DE239C8F672A0,978cf317c1bc5ac1da1d4fb2c23e60b55307125f736c40b85fdff6a148e37761,N/A,2021-04-17T15:31:18Z,https://github.com/bettercap/bettercap
bettercap/bettercap,bettercap,v2.31.0,T16F776B9BFC5205F6CFBAE0708A961319BB303059C32177D71BA4A5B52E22BDC6A7D350,481088a3574ec16450a00e663e0bb1137abcde2d9878be1792438b83b4a7bb7d,N/A,2021-04-17T15:31:18Z,https://github.com/bettercap/bettercap
bettercap/bettercap,bettercap,v2.31.0,T15B575CC7B8528573CFE42E76F8BE41C8333601B8C387A5495D16D8787A5B2ED4AB53A0,212917115deb4d72d127af5d48ac168a94f823b73ba5506a8df460418eb64b0b,N/A,2021-04-17T15:31:18Z,https://github.com/bettercap/bettercap
bettercap/bettercap,bettercap.exe,v2.31.0,T107874B85F99504ABCF69E434C59A5310B770BC508F22A7C72B95B93D6E72BE42EBD300,415cd018737996032f23bd621dba87837548268b26800ea70ac94efce0808d11,34d63baeefdcf7792cff32a13bca208b,2021-04-17T15:31:18Z,https://github.com/bettercap/bettercap
bettercap/bettercap,bettercap,v2.30.2,T1B0676C96BC1F25B7DFC86A71B7A602EC333D7008C55193365A25D5B8ADE239C8F72260,4060f708db3e1313f90c651ad06ec56e13d10d1f0fa9bf193f33d5e3ac43b03f,N/A,2021-03-14T20:47:37Z,https://github.com/bettercap/bettercap
bettercap/bettercap,bettercap,v2.30.2,T1A1675B86FC1609F6CBFDE070CA8653597B303059C32177D72AA495B52E22BDC6ABE350,108763e3e30b6e10bd8e5707004e893840020cf25f3e4e066adf800af187df83,N/A,2021-03-14T20:47:37Z,https://github.com/bettercap/bettercap
bettercap/bettercap,bettercap,v2.30.2,T1C9575BC7F8528673CFE42E76A8BE41C8333601B9C3C755591D15D8787AAB2EE0AB5390,a7cc67f92d918d4dbba475ad9cab84c7852ad4577be14f3d10356f753b54efc6,N/A,2021-03-14T20:47:37Z,https://github.com/bettercap/bettercap
bettercap/bettercap,bettercap.exe,v2.30.2,T12B875A8AF99505ABCF68E834C6864350B770BC548F22A7C71B55B63D6D72BE42EBD300,d81e2b670482428baa60bf2460ba8ac07bd14d4f1a89fd8591d9968ad7951d64,34d63baeefdcf7792cff32a13bca208b,2021-03-14T20:47:37Z,https://github.com/bettercap/bettercap
bettercap/bettercap,bettercap,v2.30.1,T1B8675B86FC1609F6CBFDE070CA8653597B303059C32177D72AA495B52E22BDC6ABE350,3c672821494cd328812ee32179ac346326cea096a48700453f8e68d22ee2ea91,N/A,2021-03-14T20:36:50Z,https://github.com/bettercap/bettercap
bettercap/bettercap,bettercap,v2.30.1,T173575BC7F8528673CFE42E76A8BE41C8333601B9C3C755591D15D8787AAB2EE0AB5390,314fd36245b61e673be0f183d6b16125b070a2ae80c2d5986417624ab9cc8367,N/A,2021-03-14T20:36:50Z,https://github.com/bettercap/bettercap
bettercap/bettercap,bettercap,v2.30,T14C479D81BD2E7497EF8D6A31F3A642EC323DB045C5A182375B64EA68D5F33988F53160,ef50c6de716aca8922a5e29f471ebb886251341fca23331be5990c3915a1ebd4,N/A,2021-03-12T14:02:10Z,https://github.com/bettercap/bettercap
bettercap/bettercap,bettercap,v2.30,T1A1675B9BFC1205F7CFBDE0708A861358BB303059C32177D71AA585B56E26BD86ABE350,476dec88d90fd6757b63d1f460db4233ae85e8b1878f3a1ab058841390444794,N/A,2021-03-12T14:02:10Z,https://github.com/bettercap/bettercap
bettercap/bettercap,bettercap,v2.29,T18B378B817C2EB097EF8C7A30B7A642EC723D7045C5A18177AB75EA68E5E2358CF53160,9e2172a9b5e5906221d16524b4db9b4cad4755ae89769f55250a66ed8fb61e88,N/A,2021-01-20T10:54:28Z,https://github.com/bettercap/bettercap
bettercap/bettercap,bettercap,v2.29,T18E676B87F85205F6CFFDE4708A8653687B303049C32077D71EA1A5B55E16BD8AABE360,f3ebd960e7f00665908c8f738413a43d9d6d368999aa30b537161e671e8aa959,N/A,2021-01-20T10:54:28Z,https://github.com/bettercap/bettercap
bettercap/bettercap,bettercap.exe,v2.29,T150974A85F55505EBCF69E535C59A8300B770BC508B22BBCB2B66B53C6972BD82EBD300,1cb75ea54ce012277a535dcfff26543fab0437d4dd90717c8dc1df1f131bce3a,439d5eaec3edf2b040ad3c5230b2df41,2021-01-20T10:54:28Z,https://github.com/bettercap/bettercap
bettercap/bettercap,bettercap,v2.28,T18E678D87F95200D2CFBDE430C69A1325BA31F095C2317BCB1FA495567AA6BE46F6E310,fe51f8c61fe3d06a204bf1340ef472646dd8085149ca1c1608e7977f70664b09,N/A,2020-07-03T12:30:09Z,https://github.com/bettercap/bettercap
bettercap/bettercap,bettercap,v2.28,T1EC477D41791D3593EF8C7A31B3BA42AD323E7044C6B182366A71DE78D6E33A88F57521,976cfdbfc804007de2487d1b5cf49712d8bad8611fd8df1b82ed4380559e9cf2,N/A,2020-07-03T12:30:09Z,https://github.com/bettercap/bettercap
bettercap/bettercap,bettercap,v2.28,T18A777C97FC5205F7CFFDE4708AEA0318BB313059C22177871AA194A55E167ECAABD360,4a110ff3d9cc75631f84ab3f3c68019d4f6b93e21bd635c4f13a054b2721121b,N/A,2020-07-03T12:30:09Z,https://github.com/bettercap/bettercap
bettercap/bettercap,bettercap.exe,v2.28,T105876B86F9A504ABCF69E436C6950310B730BC548F22B7C74A55B67DAD727E82FAD300,1289e6308dc617c089ebdb9b19c26b3d6ef21077d23f876b7974957f3a69648a,1b54d448e6283f48747b19c790b27d04,2020-07-03T12:30:09Z,https://github.com/bettercap/bettercap
bettercap/bettercap,bettercap,v2.27.1,T135678D87F9520092CFBDF430C69A5325BB70F095C2317BC72EA495967AA2BE46F6D310,36247029a78ea0e7b27103b7f9bf07b58f362e2633ef34741afe2794aa0173d6,N/A,2020-04-13T15:35:16Z,https://github.com/bettercap/bettercap
bettercap/bettercap,bettercap,v2.27.1,T1DA478E81791D3597EF8C7A31B3F542A9323EB088C6A281776B61DDB4D5E33988F23251,33d250efb7662f092b8b94c759fdda6095093519021c2dfd8c2c32930552647a,N/A,2020-04-13T15:35:16Z,https://github.com/bettercap/bettercap
bettercap/bettercap,bettercap,v2.27.1,T15F777C9BFC5605B7CFBDE0B0CADA0318BB303059C22177971B6194A55E16BDCAA7E360,96e43c95f79dd98f4b1af9cdac2268ad25a6a7db54a7f68c16715131b053ab01,N/A,2020-04-13T15:35:16Z,https://github.com/bettercap/bettercap
bettercap/bettercap,bettercap,v2.27.1,T193376DCBB8664583CEE43A36F5FE41C8337211BAC393555A5D16CD34BAAF1AA0E76310,18f46e37ae71bb5efc2b2a867a8f7db313fa5bbbd9b7a64d93702a3e8e82fb14,N/A,2020-04-13T15:35:16Z,https://github.com/bettercap/bettercap
bettercap/bettercap,bettercap.exe,v2.27.1,T136877C86F5A105ABCF69E531C6951320B730BC609F22B7C74B56763D6E727A82FAD300,7bf1aeeb09935eed9e28d95808ff62f14a6f2f2911942fff86e005b59b7671e7,1b54d448e6283f48747b19c790b27d04,2020-04-13T15:35:16Z,https://github.com/bettercap/bettercap
bettercap/bettercap,bettercap,v2.27,T148678C87F9520096CFBDE430C69A1325BB70F095C2317BCB2FA495567AA6BE46F6D300,7b7445b4713bb5bd87a93d647de92498f495408f039e72bcf9ef5e74cd187991,N/A,2020-04-08T08:52:24Z,https://github.com/bettercap/bettercap
bettercap/bettercap,bettercap,v2.27,T13C477E45BD1E7597EF8C7A31B7B901A9323E7045C6A282376B61EDB4D9E33984F23210,82617d87d0194a22d7f67cc7fc80538abd6990f8458e7d10e988258f6c79ba3d,N/A,2020-04-08T08:52:24Z,https://github.com/bettercap/bettercap
bettercap/bettercap,bettercap,v2.27,T146777D9BFC5605F7CFFDE4708A960328BB303059C22177871EA194A55E16BECAA7D360,9518714d5fe40919aa31f71d44569c058f5ece6bb6cf370a691a738a964315f4,N/A,2020-04-08T08:52:24Z,https://github.com/bettercap/bettercap
bettercap/bettercap,bettercap,v2.26.1,T175678D87F9520095CFBDE530869A1325BB31F4C5C2317BCB5FA499567A92BE82F6E300,e089c83b2ceb8f8d03b7a95b40e168d00891380311d5252b70367936108e9857,N/A,2019-10-26T08:16:59Z,https://github.com/bettercap/bettercap
bettercap/bettercap,bettercap,v2.26.1,T1F8478E817D1D3897EF8C7631F7B542A9323EB045C66286376A61DEB8D5E33984F23260,0cc15a72dadbd005f01db50424efe1b2f63d0b7b0f93798fa2e263b854354275,N/A,2019-10-26T08:16:59Z,https://github.com/bettercap/bettercap
bettercap/bettercap,bettercap,v2.26.1,T148777D9BFC5605B7CFFDE0708A961318BB313059C22177871FA194A51E16BECAA7E360,5f1d75b17c84c651ae5ea58f2b42757e9e59f456ffbcc24ded92fa9bf035979e,N/A,2019-10-26T08:16:59Z,https://github.com/bettercap/bettercap
bettercap/bettercap,bettercap,v2.26.1,T109377D87B4620593CEE43B37F8BE81D8337201BAC397555A2D16DD34BA9F1AA0E76710,c7bbbaa04785f3394b9be97c5290b99f42e0e81b8d7803eb878451b4a706d332,N/A,2019-10-26T08:16:59Z,https://github.com/bettercap/bettercap
bettercap/bettercap,bettercap.exe,v2.26.1,T1DD877B86F5A108ABCF69E430C6951320B770BC509F22BBC74B56B67D6D727A46FAD300,e51719c61b86bf3f58dd473950ecce6db865c43b618aec51f67aac2a0619a49f,1b54d448e6283f48747b19c790b27d04,2019-10-26T08:16:59Z,https://github.com/bettercap/bettercap
bettercap/bettercap,bettercap,v2.26,T1A6678D87F9520092CF7DF530869A1325BB31F4C5C2317BCB6EA495967A96BE42F6E300,e9fcce21c204592ecb7eda25072381674a0a864560342a910ee11d01e4ac7167,N/A,2019-10-18T13:39:43Z,https://github.com/bettercap/bettercap
bettercap/bettercap,bettercap,v2.26,T1AF478E41791D3897EF8C7A31B3B542AD323EB045CAA186376B61DE78D9E33994F23250,60233fd71dd7f8a22aa5fcb66390872e57245069637446ca03a5b52183b8a3c9,N/A,2019-10-18T13:39:43Z,https://github.com/bettercap/bettercap
bettercap/bettercap,bettercap,v2.26,T1F6777C9BFC5205F7CFBDE0709A860318BB313059C22177971FA194A51E56BDCAABE360,52c768b97231b71a48c8cf772868ce1710c503eefe33a54cf5e88dfe959d5a39,N/A,2019-10-18T13:39:43Z,https://github.com/bettercap/bettercap
bettercap/bettercap,bettercap,v2.26,T1A0376C87B4620593CEE43B36F8BE41D8337201BAC393655A5D16DD34BEAF1AA0E76710,e65e0070c6650ef4a3c751ae8f91c8d0fc4a65f2473c29969c90a086d1c41d4c,N/A,2019-10-18T13:39:43Z,https://github.com/bettercap/bettercap
bettercap/bettercap,bettercap.exe,v2.26,T17C876A86F5A108ABCF6AE431C6951320B730BC509F22B7C74B56B67D6D727A46FAD300,671760d51f9c58ed798b90fdfb65254eb22ce3d701b87c64d02357895dd12495,1b54d448e6283f48747b19c790b27d04,2019-10-18T13:39:43Z,https://github.com/bettercap/bettercap
bettercap/bettercap,bettercap,v2.25,T17E573CDFB4151592CED83B71F5BF9284B3B231F5C393464A2A26A938777B1E60A79300,ca3c91f55260fb254e685d2b511daebe6e1e4240a9d3e1ad19d9c69aa3c82e80,N/A,2019-09-26T12:30:05Z,https://github.com/bettercap/bettercap
bettercap/bettercap,bettercap,v2.25,T1FE57FACAE80619F7CFAAF570CA9B6314F7303005C21277872B7651AA5E16BF85A7E350,343a99f37529c089c1289a57af947f0796a0ae4495e564f3a3219602ce9dad81,N/A,2019-09-26T12:30:05Z,https://github.com/bettercap/bettercap
bettercap/bettercap,bettercap,v2.25,T12D47DACAE21519DBCFD13E71E6FF6200F3750470814396993A27A43AA6675FA0BBE740,4cfbe536d46e47261606715e10b9c9af398884a1a14d41214a668c8c0e3edb09,N/A,2019-09-26T12:30:05Z,https://github.com/bettercap/bettercap
bettercap/bettercap,bettercap,v2.25,T1A4674ACAE51618E5CF7AF5708B9B7314F730F040C222AF872BA6655A7952AF45F6E300,f7a05b8f95f5e3a4c284237b9bfdd1db274449fb21ffb7928bac64d6c6ac1193,N/A,2019-09-26T12:30:05Z,https://github.com/bettercap/bettercap
bettercap/bettercap,bettercap.exe,v2.25,T1EB97F7C9F65519AFCF2AB530C2966310F7307C508A12AB8B6767712E5973AF45FAE300,35e7cd24ae50eecf643049c2b2097d5f1a59592a051a002f2797088b536d42d1,23693f432fba9e4eeef47c8bcd016212,2019-09-26T12:30:05Z,https://github.com/bettercap/bettercap
bettercap/bettercap,bettercap,v2.24.1,T15B574CDFB4151992CED43A71F5BF9284B3B231F9C283464A2A26E934777B1E60E79304,59ba5bdb645d7bb45bc143927bb124326c51e8a38025548f1f4e8b6fb699e755,N/A,2019-06-22T13:12:21Z,https://github.com/bettercap/bettercap
bettercap/bettercap,bettercap,v2.24.1,T1D4570AC6E8061AF7CFAAF570CA9B6318F7303049C21267873B7651A95D13AF85A7E350,a60f6419c994bd91c5c25d53dedb1386fc5df74b5e7b38740e3bdff3b60d8146,N/A,2019-06-22T13:12:21Z,https://github.com/bettercap/bettercap
bettercap/bettercap,bettercap,v2.24.1,T173675BCBD50519D6CF7AF630D79B2315F730B055C1226BCB2BAAA09A7652AE42F7D300,fc141a199490671e602dd44c4d6c1cfb324a83e1206c937eff2720299cad15f0,N/A,2019-06-22T13:12:21Z,https://github.com/bettercap/bettercap
bettercap/bettercap,bettercap.exe,v2.24.1,T1E1971AC9F695199BCF2AF530C2966350F730BC508A12ABC76767712E5937AE41FAE300,6d7cbb003b6de121d6e07a0f368067487786ae024ba820a4f817a8690adcb1c4,23693f432fba9e4eeef47c8bcd016212,2019-06-22T13:12:21Z,https://github.com/bettercap/bettercap
bettercap/bettercap,bettercap,v2.24,T194573BDFB4151592CED43A71F5BE9294B3B231F8C283464B2A26E934777B1EB0A79304,5617d7a666b8bb71ee760e4438917c8b80f6501751c7d201f47786339948c3b8,N/A,2019-05-02T13:32:39Z,https://github.com/bettercap/bettercap
bettercap/bettercap,bettercap,v2.24,T12E570AC6E8461AF7CFBAF570CB9B6318F7303005C21267872B6651A65E13AF85A7E350,9db2ca82c83517d9e0a4a1e7c2e10c9c8e76eb1f2828b97e59cd5a8cf8f53b2e,N/A,2019-05-02T13:32:39Z,https://github.com/bettercap/bettercap
bettercap/bettercap,bettercap,v2.24,T145674ACBD50524D5CF7EF570D69B2311F730B055C222ABCB2BAA649A7662AE81F7D300,84ab83a62ece360ca3a3c84f223d48c8bbc2f47118f3d928277cf4424add7da5,N/A,2019-05-02T13:32:39Z,https://github.com/bettercap/bettercap
bettercap/bettercap,bettercap.exe,v2.24,T104972AC9F695199BCF1AF530C2966350F730BC508A12ABCB6767712E5937AE41FAE300,370f38900bfbb97458b1016d592392915a62eaa313786006abe43fa1684bee38,23693f432fba9e4eeef47c8bcd016212,2019-05-02T13:32:39Z,https://github.com/bettercap/bettercap
bettercap/bettercap,bettercap,v2.23,T103473BDFB4151593CED53A31F6BF9184B3B621F4C283075A2616E938BB7B1E60A7A700,81024cb80cade0eda7e91e13c41208745979453c379185d4ca34e15830b24f21,N/A,2019-04-17T16:02:14Z,https://github.com/bettercap/bettercap
bettercap/bettercap,bettercap,v2.23,T177471ACAE84619F6CFBAF570CA972314F7303049C22267C72B7651695E22BE85B7E350,03c5bd691dc660f79e155cd45671e8ca180d6507d2b1957eb4b67c79a2c406a5,N/A,2019-04-17T16:02:14Z,https://github.com/bettercap/bettercap
bettercap/bettercap,bettercap,v2.23,T149574BCAE91515E6CFBEF530C39B2314FB30B055C1216B872BAA64977652AE46F7E300,70ceb8e4ffc92f7346c908d26f9128655dc08dfe5ef1908a5d37b94de940ffc7,N/A,2019-04-17T16:02:14Z,https://github.com/bettercap/bettercap
bettercap/bettercap,bettercap.exe,v2.23,T17A47E8CEE55619EBCF6AF530C69A7211F731301182327BD73B67652A5612AF42BBE300,1a42d22e4cc4652f6bd576858eeef8189147674933944bf7189ee8a11aaf7d96,443102679bd021c2f0646929636d642e,2019-04-17T16:02:14Z,https://github.com/bettercap/bettercap
bettercap/bettercap,bettercap,v2.22,T12C474CDFB4151593CED53A31F5BF9184B3B621F4C383468A2616EE38A77B1EA0A79700,4d48a7417ba46654b6fb06e4ce27a0c0ca4f2b0fb4f0ae2d1b1c45a4a457ca92,N/A,2019-03-30T17:21:59Z,https://github.com/bettercap/bettercap
bettercap/bettercap,bettercap,v2.22,T1C3471ACBFC0619F6CFAAF570DA972318F7303005C2226787276695AA5D13AEC5A7E350,8a78705ee4d617a95d14d1257b9cbfdc58216992dd70f1c697556f5bccd3ea59,N/A,2019-03-30T17:21:59Z,https://github.com/bettercap/bettercap
bettercap/bettercap,bettercap,v2.22,T179575CCAD91515E6CFBEF530C79B6314FB30B054C221ABC72BAA94567652AE41FBE300,2537b5407aeb57330f9ac880a82b16911b5e45383c177acf66e528254ca74727,N/A,2019-03-30T17:21:59Z,https://github.com/bettercap/bettercap
bettercap/bettercap,bettercap.exe,v2.22,T1EE47E8CAE55619EBCF6AF530C6977221F7313011C232BBD72B77651A5612AF42ABE300,773c3c8a2fa09a92b23cf9d6809053c9802d570d932bf810b888a90ec25a3b5e,443102679bd021c2f0646929636d642e,2019-03-30T17:21:59Z,https://github.com/bettercap/bettercap
bettercap/bettercap,bettercap,v2.21.1,T1F9474BDFB4151593CED53A31F5BF9284B3B620F4C283465B7A26E938677B0EA0A79304,f9450523eb6b065d64ed2a1c151424ce820e437ecc9fa69b896c03a6b5fe601e,N/A,2019-03-27T15:14:19Z,https://github.com/bettercap/bettercap
bettercap/bettercap,bettercap,v2.21.1,T1074709CBE8461AFACFBAB570CAD73214F7303015C22267C7276661795E12BE85A7E350,274ef8db9e0ca01939d5f9d03f40c146da83fffa2ac6322aab3478be9e1fef79,N/A,2019-03-27T15:14:19Z,https://github.com/bettercap/bettercap
bettercap/bettercap,bettercap,v2.21.1,T153575BCAE51614E5CFBEF630C39B6324FA30B055C1216BC72BBA95567652AE42F7E300,c6299c8d340666337178963d1e295049808141ac670aa3f81511830a039056f6,N/A,2019-03-27T15:14:19Z,https://github.com/bettercap/bettercap
bettercap/bettercap,bettercap.exe,v2.21.1,T1F047F8CAE55619EBCF6AF530C6977211F73130118132BBC72B67252A9657AF42BBE300,b97d826ab20ddfe214d323d645cea7bd92168e5e8bbb7264d570e47df2df4188,443102679bd021c2f0646929636d642e,2019-03-27T15:14:19Z,https://github.com/bettercap/bettercap
bettercap/bettercap,bettercap,v2.21,T129474CDFB4151593CED53A31F5BF9184B3B220F48383564B7A16E938AB7B1EA0A79304,1a4160f4b053f9c8eb598111b9ff603d349cf217ae22207f31f9c8c71865d7ca,N/A,2019-03-27T14:08:45Z,https://github.com/bettercap/bettercap
bettercap/bettercap,bettercap,v2.21,T1D44709CBE84619FACFBAB570CAD73214F7303015C22267C72766617A5E12BE85A7E350,a8b4b034d55c2233b75ca1b0abd00c754909f0e893640742d4a6b83dcc36f13e,N/A,2019-03-27T14:08:45Z,https://github.com/bettercap/bettercap
bettercap/bettercap,bettercap,v2.21,T111574BCAE51614E6CFBEF630C39B6324FA30B055C1216BC72BBA94567652AE42F7D700,7f5a7ae594f9cda47d076679327dd0b93bbd4acf3b9da3b60bb5f54162c87a5a,N/A,2019-03-27T14:08:45Z,https://github.com/bettercap/bettercap
bettercap/bettercap,bettercap.exe,v2.21,T1FD47F8CAE55619EBCF6AF530C6977211F73130118132BBC72B67252A9657AF42BBE300,be594f199f3a6527afcdb15507f22d562e1af086b1fc18f8368384d0016b7655,443102679bd021c2f0646929636d642e,2019-03-27T14:08:45Z,https://github.com/bettercap/bettercap
bettercap/bettercap,bettercap,v2.20,T125474CDFB4151993CED53A35F5BE9184B3B630F5C38306563A26E9346B7B1EA0A7A300,9030c5dc8d9fa7bfd01980ba7e54dfdc1a003d8aa602eec9fe1f1c7c95c826f7,N/A,2019-03-26T19:41:16Z,https://github.com/bettercap/bettercap
bettercap/bettercap,bettercap,v2.20,T1CB4709CAEC0619F6CFBAF570C6976314F7303005C2126B9727B6516A5E23BE85ABE350,ae7eabeca003398f1d5532449c3eaff49fcf58665a6c23105db328e8af5df79c,N/A,2019-03-26T19:41:16Z,https://github.com/bettercap/bettercap
bettercap/bettercap,bettercap,v2.20,T1DF574BCAD90614E5CFBEF630C79B6325FA30B054C2216BC72BB6645A7652AE42F7D700,74e6cd523d5433c60455d68a58d7e2849e0c4f2fce8078527c1343e1a27b725f,N/A,2019-03-26T19:41:16Z,https://github.com/bettercap/bettercap
bettercap/bettercap,bettercap.exe,v2.20,T1F647F9CEE55619EBCF6AF530C6977211F73130118222BBC73B67652A5617AF42ABE300,1b76695f54d837e57afa011312a0cd1cbf25775025af68939a24cdd3b194cfdd,443102679bd021c2f0646929636d642e,2019-03-26T19:41:16Z,https://github.com/bettercap/bettercap
bettercap/bettercap,bettercap,v2.19,T177474CDFB4551993CED13A31F5BF9184B3B620F4C3835A462626A938777B0EA0E7A710,26fb02826b2468bc8197dbb0fa9d8e13f0430effa21a3962bd08c3d75f4e2670,N/A,2019-03-09T15:28:54Z,https://github.com/bettercap/bettercap
bettercap/bettercap,bettercap,v2.19,T1BC3709CBE84619F7CFBAB570CA972314F7303015C22277872B66516A5E13BE86A7E350,5496190df6678a4b380690a2bb62be2f645df49376bf37eb2d6b6595b56d9c80,N/A,2019-03-09T15:28:54Z,https://github.com/bettercap/bettercap
bettercap/bettercap,bettercap,v2.19,T155474BCAE91615D6CF7EF630C29B2314FA30B054C1316BC76BA6915B7652AE42FBE310,e6d2fecf2eb3022a79b65b7c0ee20eb2edecf02872fd9ebe00606695de64b5b6,N/A,2019-03-09T15:28:54Z,https://github.com/bettercap/bettercap
bettercap/bettercap,bettercap.exe,v2.19,T14937F8C9E55629EBCFAAF530C6967210F7313011C222BBC76A77211A5357AF52BBE340,50d5b485dcd61862150e6d4a3a0dcc2c56b25ff3e7d833b9bfa3e22720fe118d,2c53cf70bb7acd75fd60d941f68e3b77,2019-03-09T15:28:54Z,https://github.com/bettercap/bettercap
bettercap/bettercap,bettercap,v2.18,T13D371ADAE80619F6CFBAF570CAC72314F7303015C222779727B6516A5E12BE86A7E350,014c74ebf0c25e0de353dd11cf823daaa45f3a48474d3b2b5ff51df2f04abbf1,N/A,2019-03-01T14:45:20Z,https://github.com/bettercap/bettercap
bettercap/bettercap,bettercap,v2.18,T1BF474ACAE51514E6CF7EF530C29B6315FB30B055C121ABC72BA6905A7A63AE42F7E700,454643bee611bc969fcf239977265f55f0a96e34fe0aeaf93332cf527d16a2c4,N/A,2019-03-01T14:45:20Z,https://github.com/bettercap/bettercap
bettercap/bettercap,bettercap.exe,v2.18,T17637EAD9E55629EACF6AF930D6967210F7313001C2227B877A7B516E5312AF42FBE340,c90089d54fe51f334426d7b41b58f179e42f81988a82d4ca6f2457ff567a95eb,2c53cf70bb7acd75fd60d941f68e3b77,2019-03-01T14:45:20Z,https://github.com/bettercap/bettercap
bettercap/bettercap,bettercap,v2.17,T1E557F9CEE6151DD7CFD13E71F6AFA200F3B15471824386C52A27A439A7774EA0ABA740,4cc1d2f8f2e3b96c1794d13cd611023400aa00492355bdf0990a6ab5a73c294c,N/A,2019-02-19T21:55:27Z,https://github.com/bettercap/bettercap
bettercap/bettercap,bettercap,v2.17,T15B371ACBE84619F7CFBAF570CA976318F7303045C22167872B6651696E12BF86A7E310,9e374c33ce7d544abb6c06b23b800d0f9ed00bf4d9094dd300860283a08df9aa,N/A,2019-02-19T21:55:27Z,https://github.com/bettercap/bettercap
bettercap/bettercap,bettercap,v2.17,T11A37FACAE2151DA7CFD13B71E5FFA200F3710471824796993A27A43AA6674F90EBE740,d69e13b497c4db40627cdc443cef22215212ad7b8b25237c326e22bbd35a1038,N/A,2019-02-19T21:55:27Z,https://github.com/bettercap/bettercap
bettercap/bettercap,bettercap,v2.17,T14857D5C895012AABCF992A31D6EE7214D3711100819397AD23BAF32DBD435FA6FEF544,8ce1411ad196d7bfd97cb8f92a8243b8b0803b96d076f7d6d95e5829bc91a600,N/A,2019-02-19T21:55:27Z,https://github.com/bettercap/bettercap
bettercap/bettercap,bettercap,v2.17,T17157F8C5A7442E5FCF653B30E6A7E130E3712500C0A2D69B3677712E86971F52EAFA84,275bde1200edaf98b8146f1198bd10f8fc63538d3468ace9157bc238fbb9fa2d,N/A,2019-02-19T21:55:27Z,https://github.com/bettercap/bettercap
bettercap/bettercap,bettercap,v2.17,T17547D7C8D9052EEBCF2D7E74D2EAE600D770001081929BA536B6F96EB5031F57BDB948,4cbc4effe5fd4a9a0d8b524e5c1415231c75cef8a872d53f57361bf17cb094a4,N/A,2019-02-19T21:55:27Z,https://github.com/bettercap/bettercap
bettercap/bettercap,bettercap,v2.17,T11837F9CA92186F9FCF193930EAF6E644E73600108193D68A7277E11ED1930F95EFE991,c50fa1ced43939e4c9c125353dff043c8b72a5cf10c3c03dc432cb06cbecd2f7,N/A,2019-02-19T21:55:27Z,https://github.com/bettercap/bettercap
bettercap/bettercap,bettercap,v2.17,T187474BCEE51614E6CF7EF57083AB6314FA30F050C1216B872BA6555A7A52AF42FBE310,d87414bd8711f3716ad2f9600ac6aa2a72bceeb754ca4267f6a2edc2131b8fd4,N/A,2019-02-19T21:55:27Z,https://github.com/bettercap/bettercap
bettercap/bettercap,bettercap.exe,v2.17,T19637E8C9E45619EBCF6AF530CAAA7211F731300582217B877B7B615A5653AF42FBE300,870174b07e9699819453c6d849dd679ee1f73c5e5c814437b4d97f0811592bfc,2c53cf70bb7acd75fd60d941f68e3b77,2019-02-19T21:55:27Z,https://github.com/bettercap/bettercap
bettercap/bettercap,bettercap,v2.16,T12F57F9CFA6151DD7CFD13E71F6AFA200F3B51471814386863A67A43A63774EA0ABA740,ff3d069da00faf34c8d72a4b65ad418d089f413af32bb895d92e218d015e5499,N/A,2019-02-14T12:15:46Z,https://github.com/bettercap/bettercap
bettercap/bettercap,bettercap,v2.16,T1F0370ACBE84619F7CFBAF570CA9B6318F7303005C22267C72BA651695D52BE85A7E310,55fe22ee5f71cdf554da881f8325cd8096ccfd8978a27a76012eb1655e84f379,N/A,2019-02-14T12:15:46Z,https://github.com/bettercap/bettercap
bettercap/bettercap,bettercap,v2.16,T17737E9CAE2151997CFD13E71E6FEA204F3710471C24796993A2BA43A66674F90FBE340,92b97f4f861414ee3770ada16dc91759fabef2b98cbee7daa359a02886b4e7dd,N/A,2019-02-14T12:15:46Z,https://github.com/bettercap/bettercap
bettercap/bettercap,bettercap,v2.16,T16657F6C8D5012BAACF992A30D6EE7214D3751100819397AE23BAF32DBD431FA5FEE554,def4d9cd657c0e885e63d5e98c18aa0a65d979ec315b4a04b55c302f41145908,N/A,2019-02-14T12:15:46Z,https://github.com/bettercap/bettercap
bettercap/bettercap,bettercap,v2.16,T17557F8C6A7442E5FDF653B30E6ABE130E3712500C0A2E69B2637712D86571F51EBFA84,1aa82643d58a4a21d034d7cf0d95f5ccdd4bd7b3e6cb3e071bc0c45aa29a38ab,N/A,2019-02-14T12:15:46Z,https://github.com/bettercap/bettercap
bettercap/bettercap,bettercap,v2.16,T16A37D7C899052EEBCF6E7F74D2EAE600D770041081929BA532B6F56EB4031F57BDB948,d59a0a20d943f6d9d474329df6ac4178aeefc690e86a5348f4d91b32ed62f0f1,N/A,2019-02-14T12:15:46Z,https://github.com/bettercap/bettercap
bettercap/bettercap,bettercap,v2.16,T12237E7CA92186B9FCF293930E6F6E644E73900018193D68A7277E11ED1930F95FFE991,01f1e51b058b1f7884097ddf3fc828ec3346c4134427565c54c8657645fd7691,N/A,2019-02-14T12:15:46Z,https://github.com/bettercap/bettercap
bettercap/bettercap,bettercap,v2.16,T1C3475CCAE90614E6CF7EF570C79B2314FA30B055C1216BC72BA695667A52AF42F7E300,f7c93c7763f893a536103a74702b8606e28788aa62bcbdaa2fb9604cf825cd42,N/A,2019-02-14T12:15:46Z,https://github.com/bettercap/bettercap
bettercap/bettercap,bettercap.exe,v2.16,T14C37F9CAE55619EACF6AF530DAAA7211F731300181217BC77B7B615A5613AF42FBE300,fd7d6345e136b58dd4ca61f9c892af5041bad1b66a969cfaf2f5aa5895ab2021,2c53cf70bb7acd75fd60d941f68e3b77,2019-02-14T12:15:46Z,https://github.com/bettercap/bettercap
bettercap/bettercap,bettercap,v2.15,T13947FACEE6151D97CFD13E70F6EEA200F3B61471C24396953A27A43963774EA0ABA740,dc22e059e871da0322aca11cf9c84f15d2522840933351fdefb7b16223d35c2b,N/A,2019-02-13T15:02:55Z,https://github.com/bettercap/bettercap
bettercap/bettercap,bettercap,v2.15,T19E372ACBE84A19F7CFBAF570C6976314FB303045C22167832BB6516A5E12BE86A7D350,c60a20bed977636eef74186b00e96d6340ef510ff3ca8e01924b86d25438edea,N/A,2019-02-13T15:02:55Z,https://github.com/bettercap/bettercap
bettercap/bettercap,bettercap,v2.15,T19E37EACAE2151D9BCFD13B71E5FFA200F3754470824396993A27A43AA6664F90FBE740,67b5d20ff987eddb95c2d7cf57185f02345785bb7dc504e73aa34dc279f369dd,N/A,2019-02-13T15:02:55Z,https://github.com/bettercap/bettercap
bettercap/bettercap,bettercap,v2.15,T1E757E7C595012BABCF992A31D2EE7214D3700200919397AE23B6F72DBD135FA6FEE544,510c19765570e45c3bd4f9586d4cf4835ec471a02c681c642ab677baccec4ae8,N/A,2019-02-13T15:02:55Z,https://github.com/bettercap/bettercap
bettercap/bettercap,bettercap,v2.15,T12C57F8C697442E6FCF653B30E2ABE130E3752510C0A2D6963B37712E86571F52EAF984,5c5034499d534211fc44b0df2edb553994e36b2ea078769d6ff8b1102e199cc4,N/A,2019-02-13T15:02:55Z,https://github.com/bettercap/bettercap
bettercap/bettercap,bettercap,v2.15,T19C37D8C899052EEBCF6D7E34D2EBE600D770040481929BA53276F96EB5031F57BEB948,727bc6fd209c96e1c7c23cd4cd206c63b5c1015fca4b4dcb8f12c83e35d7a90f,N/A,2019-02-13T15:02:55Z,https://github.com/bettercap/bettercap
bettercap/bettercap,bettercap,v2.15,T1BD37F8CA92186F9FCF193930EAB6E644E73900108193D68A7377E11ED1930FD5AFE991,b474f2e5103fff92d68962d8e6f967a2355acbb0d3ce13cf7662e178be3ede99,N/A,2019-02-13T15:02:55Z,https://github.com/bettercap/bettercap
bettercap/bettercap,bettercap,v2.15,T14C475CCAE50514E6CF7EF570C6AB2314FB30B055C2216BC72BA655567A52AF82FBE300,3ad2604919f507d455084e46b5bb3178dc9c07f5d828f30e25ef29a2a256724f,N/A,2019-02-13T15:02:55Z,https://github.com/bettercap/bettercap
bettercap/bettercap,bettercap.exe,v2.15,T1853709C9E45619EACF7AF530D6AA7211F7313001C2217B876B7B615E9652AF42FBE300,b64b9cce9affdcd1f2e80fbe890a89828a61417cbc862b9a1ba8011030b507bf,2c53cf70bb7acd75fd60d941f68e3b77,2019-02-13T15:02:55Z,https://github.com/bettercap/bettercap
bettercap/bettercap,bettercap,v2.14,T1B447FACBE6151E97CFD13E71F5AEA200F3B21471C24396893A27A43967774EA0A7B740,5c9d6c8d8b7dd2e51255b944e28e494d7724a0a223ab96031e932c9e795a46f9,N/A,2019-02-06T17:12:38Z,https://github.com/bettercap/bettercap
bettercap/bettercap,bettercap,v2.14,T1F13709CBE80619FBCFBAF570C6976318F7313045C22277873B66616A5D12AE85A7E310,887b27e14a39d8c5686210cb7e8159d69bcdaad8d638fe87821204ae04f9c965,N/A,2019-02-06T17:12:38Z,https://github.com/bettercap/bettercap
bettercap/bettercap,bettercap,v2.14,T16437EACAE21519A7CFD23E71E5FEA200F3710471C24396993A27A43A66675F90FBE740,e9a8bdb7469086846941af693c5f4f25bf48dcd60b3357e47fbbb3729f29ac98,N/A,2019-02-06T17:12:38Z,https://github.com/bettercap/bettercap
bettercap/bettercap,bettercap,v2.14,T19947E6C595022BBACF992A30D6EE7214D37111008193A7AE23B6F32DBD136F95FEE544,b62bc6849ffc4ca167a9351e7aae307105e63691112dcc0d0350f9a6377bfef5,N/A,2019-02-06T17:12:38Z,https://github.com/bettercap/bettercap
bettercap/bettercap,bettercap,v2.14,T1B847E7C6A7442E9FDF653B30E2ABE120E3712510C0A2D6D63737712E86570F55EBEA84,d5a4c432ba516eadf31f57034a50af79382a59a6e6e05c929f506ffa92b77db7,N/A,2019-02-06T17:12:38Z,https://github.com/bettercap/bettercap
bettercap/bettercap,bettercap,v2.14,T12037D8C899052EEBCF6D7E34E2EBE600D770010481929BA53277F96EB5031F57B9B948,a2b29ca91861c406f88efaa5572944602394a805cf5b95416db58fae8e80b064,N/A,2019-02-06T17:12:38Z,https://github.com/bettercap/bettercap
bettercap/bettercap,bettercap,v2.14,T1EE37E8CA92186F9FCF193A30E6B6E644E73500118193D68A7277E11ED1930FD1FBE9A1,f2a9baed2a2d4ae276e62978a71b4f1dfff7f057639f73f60dd2d598fc889d55,N/A,2019-02-06T17:12:38Z,https://github.com/bettercap/bettercap
bettercap/bettercap,bettercap,v2.14,T1EC474BCEE90514D6CF7EF570C7AB2314FA30B055C1216B872BA6659A7A53AF42F6E300,121e25032088c1bd35f026b37a43444ace574eeb62d0d8c5e4e2b8cdcb62eaf2,N/A,2019-02-06T17:12:38Z,https://github.com/bettercap/bettercap
bettercap/bettercap,bettercap.exe,v2.14,T1C5371ADAE55619EBCFAAF530D6A67211F731300182217BC77B7B611A5212AF46FBE300,f672a47ed0c679ef5acebb8c8e837f75e0115bae5ed2903b5ec3c8578a158e9e,2c53cf70bb7acd75fd60d941f68e3b77,2019-02-06T17:12:38Z,https://github.com/bettercap/bettercap
bettercap/bettercap,bettercap,v2.13.1,T135470ACBA6151E97CFD13E71F5AEA200F3B11471C14396897B27A43AA7770FA0A7A740,13193548575e3317b7fe56a109921fdd8a685b7fbf9cee2f285938b431eb0d38,N/A,2019-01-29T15:28:41Z,https://github.com/bettercap/bettercap
bettercap/bettercap,bettercap,v2.13.1,T141371ACBE80519F7CFAAF570CA976338F7303049C22267872BB651695D12BE85A7E350,6d04241b01bc2ff299112040ace416fdf2dae27c3aef67040db9e7c712a570cb,N/A,2019-01-29T15:28:41Z,https://github.com/bettercap/bettercap
bettercap/bettercap,bettercap,v2.13.1,T10427FAC6F21519A7CFD23E71E5BEA200F3350471C24396893A67A43AA6775F90FBA740,a7a46facd33ef94a3247dc984536500dd4af661b16503a87b9fdf85d0834cb82,N/A,2019-01-29T15:28:41Z,https://github.com/bettercap/bettercap
bettercap/bettercap,bettercap,v2.13.1,T16847E8C5A5023BABCF992A30D6EE3215E77111008153A7AE23B6F72D7D035F96FEA504,fcaa60e9cefc2ccd2d8032190d6bdc940edd434aef6a5210b617dcd017c3b857,N/A,2019-01-29T15:28:41Z,https://github.com/bettercap/bettercap
bettercap/bettercap,bettercap,v2.13.1,T1AC4719C6A7442EAFCF653B30E2EBD120E3712400C0A2A6962777712D96971F55EBFD84,a38eacaf0460cec5ee8156bf0185a34036e12b56698e110624c68ea1c215b5df,N/A,2019-01-29T15:28:41Z,https://github.com/bettercap/bettercap
bettercap/bettercap,bettercap,v2.13.1,T1D837E8C899012BEBCF2E7E34D2EAD600D7700410C1E29BA93677F56AB5431F57B9B948,0177777ff2a98acc4112d0b2c9a3bc12030b469e763b2f026c32996d2a2ac345,N/A,2019-01-29T15:28:41Z,https://github.com/bettercap/bettercap
bettercap/bettercap,bettercap,v2.13.1,T16337F8CA92146B5FCF293930E6B6E604E73650108183D68A7277E12ED5930FD1FBEDA1,61de1f1e848e87b3254f9b726811ec29ccce28bd3766ca19c8293a894345efcc,N/A,2019-01-29T15:28:41Z,https://github.com/bettercap/bettercap
bettercap/bettercap,bettercap,v2.13.1,T170475BCEE50514E6CF7EF530C6AB2315FA30B055C1216BE73BA694567A62AF42F6E300,d0444569c4106872957cdb05700cfc4b9c48e7a004cc9b0abe1fde7001d2bad9,N/A,2019-01-29T15:28:41Z,https://github.com/bettercap/bettercap
bettercap/bettercap,bettercap.exe,v2.13.1,T15F37FADAE45619EBCF6AF530D6977210F731304182327BCB6BB7525A5612AF42EBE300,a5c00a286961974f6a415fac9658a2e543ea1a057cf9d88602c97713e7f39234,7ddafcbc5f3068de12605e6fd70662fb,2019-01-29T15:28:41Z,https://github.com/bettercap/bettercap
bettercap/bettercap,bettercap,v2.13,T18D471ACBA6151AD7CFD13E71F5AEA200F3B21071C24396857A37A439A7771FA0A7A740,947a5211cd502ee13b9d40e0f9f384e2095627131c776c5f76f021098c4a3eed,N/A,2019-01-28T17:07:54Z,https://github.com/bettercap/bettercap
bettercap/bettercap,bettercap,v2.13,T1DC372AC7E80615F6CFBAF570CA876328F7303049C22277872BB655695D12BE85ABE350,574e31724e041638d813a94685bd82dd735745f3e1042b992a217f2297f005da,N/A,2019-01-28T17:07:54Z,https://github.com/bettercap/bettercap
bettercap/bettercap,bettercap,v2.13,T15827F9C6F21519A7CFD23E71E5BEA200F3710471C24396992A27A43AA6675F90FBF740,41026d89342cf9c8426870d51261e7a08d71d2bbda330f40f998a1f3db50a117,N/A,2019-01-28T17:07:54Z,https://github.com/bettercap/bettercap
bettercap/bettercap,bettercap,v2.13,T1BC47F7C9A5012BABCF992A30D6EE3214E77111008153A76E23BAF32D7D535F96FEE504,1a341ee6e26ac353bf4af2612302d8d238fa6c0185ff4a7dad8a2d06d12a2c46,N/A,2019-01-28T17:07:54Z,https://github.com/bettercap/bettercap
bettercap/bettercap,bettercap,v2.13,T1DF4719C6A7442E9FDF653B30E2A7E120F3712000C0A2A69A2777712D96971F55EBFD84,2dd12bf817534c3ce79cd803774650109537220537607167b7e82f591cba1e04,N/A,2019-01-28T17:07:54Z,https://github.com/bettercap/bettercap
bettercap/bettercap,bettercap,v2.13,T15C37D7C499052BEBCF2D7E34E2EBD604D770041081A39BA53277F66AB4431F97B9B948,5f783215683e90669e38ec209de7792648487e8672c6da96f7b21764a6c724f7,N/A,2019-01-28T17:07:54Z,https://github.com/bettercap/bettercap
bettercap/bettercap,bettercap,v2.13,T1B637F9C652186B9FCF293A30E6B6E604E73940118193D68A7277E11ED1930FD1FFE9A1,483dd3fe7030ece6ff3bf54151a9fc3e395fbc355e8719e0d1af4966881c3c88,N/A,2019-01-28T17:07:54Z,https://github.com/bettercap/bettercap
bettercap/bettercap,bettercap,v2.13,T1C7475BCAE90518E6CF7EF530C6AB2311FA30B055C1216B973BB664567662AF46F7E300,740b94352047c17a830a314a15f9183bfac0c4e8dadc6411e7d616e37c4490f7,N/A,2019-01-28T17:07:54Z,https://github.com/bettercap/bettercap
bettercap/bettercap,bettercap.exe,v2.13,T19237EAD9E55619EBCF7AF530C69B7211F73130018222B78B6B77661E5612AF42EBE300,d419438ff8d927e57551c4412f746806af49fd7d48964df277f7e2518c71f8e6,7ddafcbc5f3068de12605e6fd70662fb,2019-01-28T17:07:54Z,https://github.com/bettercap/bettercap
bettercap/bettercap,bettercap,v2.12,T13C471ACBE6151AD7CFD13E71F6AEA200F3B11471C24396897A27A43963771FA0A7A740,63fab1bc19eb0c51071448f8150cb99884c7a3e0393ba0e08ea453cb54894c26,N/A,2019-01-20T17:35:48Z,https://github.com/bettercap/bettercap
bettercap/bettercap,bettercap,v2.12,T13B3709CBF8051AF7CFAAF570CA976318F7313009C22267872BA651695D12BEC5A7E350,db71ffeaa3aa428e4f6a656c3372047461efc9b557915f3c58d0d3c2b41c225d,N/A,2019-01-20T17:35:48Z,https://github.com/bettercap/bettercap
bettercap/bettercap,bettercap,v2.12,T1BB37FACAE2151D97CFD23E71E6BEA100F3750471C24396893A27A43AA6675F90FBE740,591a108cb54a477545c041930540f7c9e839c9812b1875e866dbb2ea60e94e30,N/A,2019-01-20T17:35:48Z,https://github.com/bettercap/bettercap
bettercap/bettercap,bettercap,v2.12,T18347E5C9A5012BABCF992A70D2EE7211D3711100815397AE23BBB72DBD135F96FEE504,6183ea7325212acbc9cce7d0491b39eb98babeb4ff2ee570f3b97f796ed33daa,N/A,2019-01-20T17:35:48Z,https://github.com/bettercap/bettercap
bettercap/bettercap,bettercap,v2.12,T196470AC6A7442E9FDF693B30E2A7E120F7712000C0A2969A2777712E86571F55EBFD84,366a42e593e877eb70921bfb8cd945041387157437c3f8dc72cdc67812d3c42c,N/A,2019-01-20T17:35:48Z,https://github.com/bettercap/bettercap
bettercap/bettercap,bettercap,v2.12,T13037D8C89A052BEBCF2E7E30D2EAD600D770451081A297A53377E66EB5031F57BDB948,be09f28e936617ebaa1d49dbbe9481ab1060fb4c892b874c9c4a012a9881f0e2,N/A,2019-01-20T17:35:48Z,https://github.com/bettercap/bettercap
bettercap/bettercap,bettercap,v2.12,T13737E8CA52186F9FCF293A30A6B6E614D73600108193D68A7377E12ED2930FD5EFE951,00bdad54cd54453e512a793d62442ed4a0c1757c91358d869fa4be28aa6195d0,N/A,2019-01-20T17:35:48Z,https://github.com/bettercap/bettercap
bettercap/bettercap,bettercap,v2.12,T1CD474ACAE50618E5CF7AF570C6AB2314FB30B055C1217BC76BA690567662AF86F7E300,b5086686f2c9b99cfdffd54ea226400727f972fdb45faff950e2ad36b8c7fdfa,N/A,2019-01-20T17:35:48Z,https://github.com/bettercap/bettercap
bettercap/bettercap,bettercap.exe,v2.12,T1B737F9DAE45619EBCF6AF530C69B6211F7313001C1327BCB6B77611A9616AF82EBD310,7939db534abaadb74811436df6025b68fe58eae2035994bdb9c4d097c20f728b,7ddafcbc5f3068de12605e6fd70662fb,2019-01-20T17:35:48Z,https://github.com/bettercap/bettercap
bettercap/bettercap,bettercap,v2.11.1,T1BB470BCBE6151AD7DFD13E71F6BEA200F3B21071C14396893A27A43967771EA0A7A740,35aef96c8b289860d280e83c972b24c6fab611eab93ef2ec2faf138dbff4c65e,N/A,2019-01-07T10:55:53Z,https://github.com/bettercap/bettercap
bettercap/bettercap,bettercap,v2.11.1,T1A03719CBF84619F7CFBAF570CA976318F7303004C22267876BA661695D12BE85A7E350,d3107db41730b9aa0f2883b3a17294b66c6a2bc6eeaaabf05dc4797d298977be,N/A,2019-01-07T10:55:53Z,https://github.com/bettercap/bettercap
bettercap/bettercap,bettercap,v2.11.1,T14C27FACAE21519DBCFD13E71E6BEA104F3710570C24396893A27A43EA6675F90EBE740,aac58e5a401097629d79565a5d2b569030a56c6d91ebfed3f72942e42038a53a,N/A,2019-01-07T10:55:53Z,https://github.com/bettercap/bettercap
bettercap/bettercap,bettercap,v2.11.1,T1D247E5C5A1013BABCF992A70D6EE7215D3711100819397AE23B7B32DBD135FA6BEE504,59af76aefba2189e21633fdfd2447722f0a89254ba7157d85946b32d4526c75e,N/A,2019-01-07T10:55:53Z,https://github.com/bettercap/bettercap
bettercap/bettercap,bettercap,v2.11.1,T1804708C5A7442E9FCF653B30E2ABE120E3712400C0A2DA9A6777712E86571F55EBFD84,334adbf16b82790667209876296b49bc88ef7244c93320ffc753b042d60717ce,N/A,2019-01-07T10:55:53Z,https://github.com/bettercap/bettercap
bettercap/bettercap,bettercap,v2.11.1,T13737C5C899052BEBCF2D7E30E2EBE600D770051081A29BA53377F56AB4531F57B9B948,bf3ef69d865c12a109582f4e44aadfbf8530c80c4804f8421efe2bebacf6fef5,N/A,2019-01-07T10:55:53Z,https://github.com/bettercap/bettercap
bettercap/bettercap,bettercap,v2.11.1,T16D37D8CA92196F9FCF593A30E6B6E604E73540108183D68A7377E11EE1930FD1ABF991,412e79d1a562279c055be2a601d35f467fbd038fe5aebb330fc5e779dcb0b2a4,N/A,2019-01-07T10:55:53Z,https://github.com/bettercap/bettercap
bettercap/bettercap,bettercap,v2.11.1,T1A7474BCAE90619E5CF7AF570C79B2314FA30B095C1217BC73BAA54567A52AF42F6E300,63e38f9405d425707b97f319e4b12a5b438756117041d7627d19847e867ffd7c,N/A,2019-01-07T10:55:53Z,https://github.com/bettercap/bettercap
bettercap/bettercap,bettercap.exe,v2.11.1,T18F37E9DAE45619EBCF6AF530C6D76211F7713001C2327BCB6B77615A5612AF82ABE300,dd328f1b66035f9dedfbd0c196c14cb97aafbb267d032373a7ef41ba50f08a89,7ddafcbc5f3068de12605e6fd70662fb,2019-01-07T10:55:53Z,https://github.com/bettercap/bettercap
bettercap/bettercap,bettercap,v2.11,T1A0471ACBA6151AD7DFD13E71F6BEA200F3B11071C24396897A27A43963771FA0A7A740,ffa1994e4390106d87a44df87fcd5fb7431b15a819718ce09a877f4be344d2ec,N/A,2018-11-19T11:02:37Z,https://github.com/bettercap/bettercap
bettercap/bettercap,bettercap,v2.11,T158371ACBF8051AF6CFBEF570CA976318F7303005C22267972BA661695D12BE85A7E350,4b8fa45c6bf10ba4511935698212e98d77ac116f563a3b1ad40a5347e735a9b3,N/A,2018-11-19T11:02:37Z,https://github.com/bettercap/bettercap
bettercap/bettercap,bettercap,v2.11,T12B27FACAF2151997CFD23E71E6BEA100F3710470C24396997A27A43EA6675F90EBE740,55d92c2d2ba47eb9c481f0ca371889a8fe678afd0ccb0764b49d36059358e4e3,N/A,2018-11-19T11:02:37Z,https://github.com/bettercap/bettercap
bettercap/bettercap,bettercap,v2.11,T1F147E6C891013BABCF992A70D6EE3215D7711100819397AE23B7B72DBD035FA6BEE544,b98b43111f48812f4ec527e98c64c6097339bce6b950dcbc9e075c35430036d2,N/A,2018-11-19T11:02:37Z,https://github.com/bettercap/bettercap
bettercap/bettercap,bettercap,v2.11,T1AE4709C5A7842E9FDF693B30E2A7E120F7712000C0A296962777712E86671F55EBFD84,3db737fc56fb012350e9254fa4dd90558ee0b32ffb9577e125de1b769bb752a1,N/A,2018-11-19T11:02:37Z,https://github.com/bettercap/bettercap
bettercap/bettercap,bettercap,v2.11,T10237C6C899052BEBCF2D7E30E2EBE600D774051081A29BA53377F56AB4431F57B9B948,d6e17b19651c4725c06c0237545783e8578f4b71fac8194f7b7009ea4f1492a8,N/A,2018-11-19T11:02:37Z,https://github.com/bettercap/bettercap
bettercap/bettercap,bettercap,v2.11,T15337D7CA96186F9FCF193A30E6B6E604E73500119183D68A7377E12ED1930FD1EBE961,e9ef7d64a55ee528777b949b1402f6d57ee3e734b863d02fdf24b13937e35089,N/A,2018-11-19T11:02:37Z,https://github.com/bettercap/bettercap
bettercap/bettercap,bettercap,v2.11,T131474BCAE90618E5CF7DF570C69A6314FA30B095C121BBC73BA6545A7A52AF42F7E300,051cec1e4467528998686624f535a6909c7fb8c5d88ca55a025e834398e8e135,N/A,2018-11-19T11:02:37Z,https://github.com/bettercap/bettercap
bettercap/bettercap,bettercap.exe,v2.11,T11937FADAE55615EBCF6AF530C69B6210F7713001C2327BCB6B77651A5612AF82EBE300,850ccf68341faef00556227757d52d6a58a4cee20712dd88ea3b64f7d23d22b1,7ddafcbc5f3068de12605e6fd70662fb,2018-11-19T11:02:37Z,https://github.com/bettercap/bettercap
bettercap/bettercap,bettercap,v2.10,T175471BCBA2151AD7DFD13E70F6BEA200F3B11074C24396C92A27A53967775FA0A7A740,670626649514808d57c41c847a2a38a2df501d7983982c88848c73dee0f1572e,N/A,2018-10-04T12:14:56Z,https://github.com/bettercap/bettercap
bettercap/bettercap,bettercap,v2.10,T160271ACBF84A19FBCFBAF570CA976314F7313009C22267C72B6651695912BE85A7E310,6d7599da879a499f5ad65579b57f558b7dde7496233f56176ed65599ba17e7d8,N/A,2018-10-04T12:14:56Z,https://github.com/bettercap/bettercap
bettercap/bettercap,bettercap,v2.10,T19027FBCAE2151DA7CFD13A71E5BEA200F3750471C24396893A27A43EA6675F90EBF740,0a6b66e932f1013d58207df8cdd65ce80358f1c2319bc4024792254558b179cb,N/A,2018-10-04T12:14:56Z,https://github.com/bettercap/bettercap
bettercap/bettercap,bettercap,v2.10,T19847F7C596013BABCF992A30D2EE7314D7711100815297AE23BBB32EBD435F96FAE544,8287a319c9d694f5c7ac0eb104446d54bca059de6f1f7cc6ce35d2604d9f41c3,N/A,2018-10-04T12:14:56Z,https://github.com/bettercap/bettercap
bettercap/bettercap,bettercap,v2.10,T1D1471AC6A7442E9FCF663B30E2EBD120E3B52504C062A5972777712E86970F51EAFD84,2163b661a25feaf119c306e5ed2fdd0295bdea8ac7ab493265ad38300a1679dc,N/A,2018-10-04T12:14:56Z,https://github.com/bettercap/bettercap
bettercap/bettercap,bettercap,v2.10,T1B537E7C899053EEBCF6D7E30D2EBE600D770010081A29BA53377E56AB5531F97B9B948,be45c65b198404f34ad7d54e7ae26ddfc3e6af4c6c6bf8fd4f0b60a34f2c46c6,N/A,2018-10-04T12:14:56Z,https://github.com/bettercap/bettercap
bettercap/bettercap,bettercap,v2.10,T15737E9CA92186F9FCF193A30E6F6E604D73600118193D68A7377E12EE5920FD1EBE951,5312cd401c6d02d8ce33591bad7e25736e9ce70ff48b98bfbbcdbe96b2b0938d,N/A,2018-10-04T12:14:56Z,https://github.com/bettercap/bettercap
bettercap/bettercap,bettercap,v2.10,T17047FACAD54619E6CF6AB970D6A76210F77530108122AFC73B77741EB613AF91BAE300,acef1eb432820bca5e7c3118686b811912d2e4a6b5cff5ca4dadfdd8071b98de,N/A,2018-10-04T12:14:56Z,https://github.com/bettercap/bettercap
bettercap/bettercap,bettercap.exe,v2.10,T1D337D8CAE45615EBCF6AF530C6976211F7313051C222BB977BB7621A5613BF42ABE300,aa9adb7da1067157baf6f79d8d537b986b9ac76530a83a3ed156efb5cea9cf95,8575689ebb482251834dd7f8248b3bfc,2018-10-04T12:14:56Z,https://github.com/bettercap/bettercap
bettercap/bettercap,bettercap,v2.9,T170471BCFA61519D7CFD13E71F6BEA200F3B60471C14396896A27A439637B1EA0A7E740,8e16eab18a0b7ef7ffe4e88bebb36c026c3337d8f98f506c762ccf48efeef6f8,N/A,2018-09-11T13:16:11Z,https://github.com/bettercap/bettercap
bettercap/bettercap,bettercap,v2.9,T101272ACBF84619FACFAAF570C7876329F7303005C22267832BB752695916AE85B7D350,bd13de619466195d49b756a90414877571ba96f5dcad7fb22bed8732ddcbf4c2,N/A,2018-09-11T13:16:11Z,https://github.com/bettercap/bettercap
bettercap/bettercap,bettercap,v2.9,T10D27FCCAE2151D97CFD23E71E5BEA104F3710071C24396992A37A43AA66B5F90EBF740,021a1868903bfc4d98dc49132e4443028b215b470c59b302900b38fbb0626df4,N/A,2018-09-11T13:16:11Z,https://github.com/bettercap/bettercap
bettercap/bettercap,bettercap,v2.9,T19C47F7C591413BAECF9A2A30E2EE7315D77111008152876E23BAF32DBE532B95BEF544,dfc0c2f5a6fa1d05affea5c3ea786bb46c2865dadfcbadbba9e0a48c5f806b5c,N/A,2018-09-11T13:16:11Z,https://github.com/bettercap/bettercap
bettercap/bettercap,bettercap,v2.9,T1BF4708D6A7842E6FCF663B30E2A7E120E3716004C0A2D6962777723D96570F51EAFD84,33b82c5cc49278798fe64e2952235c586146f27adacaf37d4d1b982be5d9020d,N/A,2018-09-11T13:16:11Z,https://github.com/bettercap/bettercap
bettercap/bettercap,bettercap,v2.9,T17D37D7C899052EEBCF2D7E30E2EBD600D770411081E29AA53376F56EB5431F57BAB948,2e0e5d1b893f71b2370286e17129e8b08aeea3803a1aad28571ac36495b5cb5f,N/A,2018-09-11T13:16:11Z,https://github.com/bettercap/bettercap
bettercap/bettercap,bettercap,v2.9,T1EF37E8CA92086F9FCF193A30E6B6E604D73640118183D68A7377E12EE5920FD5FBE951,b1cd26c49a7d2ba45c793919ffb0f931f0e45cc7eddf4b1c89f6e85b3752bf42,N/A,2018-09-11T13:16:11Z,https://github.com/bettercap/bettercap
bettercap/bettercap,bettercap,v2.9,T19B47E9CAD54519EACF66B970D6AB6310F7713014C121BBC73BB7601EB652AF91BAE300,eef9201ca06eaa5b23b23fafa642bb021acbb7a0092389498f36b2fb958ecb7b,N/A,2018-09-11T13:16:11Z,https://github.com/bettercap/bettercap
bettercap/bettercap,bettercap.exe,v2.9,T1092709CAE55615DBCF6AF530C7EB6211F7313041C232BB976A77612A5612AF42EBE300,e5d260ea52a0f3ea5ca34fea3b5ef64eaf5a2dfbbe311f82b0e40970338fc372,8575689ebb482251834dd7f8248b3bfc,2018-09-11T13:16:11Z,https://github.com/bettercap/bettercap
bettercap/bettercap,bettercap,v2.8,T1EF371ACBA5151997CFD13A71F5BEA604F3B64030C24396893B27B43A677B5EA0A7E340,a4f190f568087a5565a70be53ff06c0125f9758762a83bdba4b0271e3966cd67,N/A,2018-08-17T13:53:59Z,https://github.com/bettercap/bettercap
bettercap/bettercap,bettercap,v2.8,T1D42719C7F85509F7CFAAF4B0CA97A325F7303005C22267873BA7916A5512BE85A7E350,a689f7f9f5d94ad3ef0edcab7ce3a7482b7ef0b9a46fcd75149b0b0434537c5c,N/A,2018-08-17T13:53:59Z,https://github.com/bettercap/bettercap
bettercap/bettercap,bettercap,v2.8,T1B227EBCAE2511D97CFD13A75E5FFA204F3710471824396993A27B43AA26B5F90EBE340,199f04f0be9b2db7c669f24cbc58b844964f96cc372f0baa5f5a3f9e6d51e17f,N/A,2018-08-17T13:53:59Z,https://github.com/bettercap/bettercap
bettercap/bettercap,bettercap,v2.8,T1B337E7C595412FABCF992A30D2EE7224D7711100815287AE33B6F32DBE136FA5BEE544,ee3b6bd5cc83944335b0e2b58182ea87b97cea0a798458f53102b6d4a6734ccb,N/A,2018-08-17T13:53:59Z,https://github.com/bettercap/bettercap
bettercap/bettercap,bettercap,v2.8,T15C3709D6A7842E5FDF663B30E2A7D130E372600480A2E6962737312D96971F51FAFD84,a91a88e1fa0d8c8060bb116c663bc340582d2e7e313d76a9581ad0a6e965407f,N/A,2018-08-17T13:53:59Z,https://github.com/bettercap/bettercap
bettercap/bettercap,bettercap,v2.8,T10727D6C899012FEBCF2D7E34E1EBE600D770410081A29AA53377F96EB5521F57BAB548,3976b9e9bc3d39ecebc0d4c904e39eebff5af16fcc27f0e338f2ecddf177bf43,N/A,2018-08-17T13:53:59Z,https://github.com/bettercap/bettercap
bettercap/bettercap,bettercap,v2.8,T1D927E7CA96085B9FCF2A3A34E5F6E614D73640018083D68A7377E11ED6930FD5EBE990,cf6993de559078fad31e7dc5b4fdc362aafc41dfb0f276ff450651754628174a,N/A,2018-08-17T13:53:59Z,https://github.com/bettercap/bettercap
bettercap/bettercap,bettercap,v2.8,T17E47FACAD55519E6CF66B970D6AB6320F77130108121BBC73777742EB612AF92BAE300,4fc1101f8217ce661e29ad8819ec4678c5c20b9843e984904d185d5cb1e5ad45,N/A,2018-08-17T13:53:59Z,https://github.com/bettercap/bettercap
bettercap/bettercap,bettercap.exe,v2.8,T1E227E9CAE55614EBCF6AF530D69B7211F73130418222BB876B77612A9716EF42EBD300,8759863ea890ff36055a922d1e8c5371b6c1be9b51c753da3dd3a439a16f312d,8575689ebb482251834dd7f8248b3bfc,2018-08-17T13:53:59Z,https://github.com/bettercap/bettercap
bettercap/bettercap,bettercap,v2.7,T106371ACBE5151997CFD13A74F5BEA604F3B20470C28397892A27B43967775EA0ABE340,ab066619433b52679204c40671dea9bae304e21da17af9f600679cc759f72f33,N/A,2018-07-23T07:18:15Z,https://github.com/bettercap/bettercap
bettercap/bettercap,bettercap,v2.7,T1FB271AD7F80509F7CFAAB474CA97A324F7303005C22267C72BB7956A5912BE85A7E350,c7c36734734ace3c6682fc3ab1d4b366224f0e9a8f77cbb3e9481b376ed1aec7,N/A,2018-07-23T07:18:15Z,https://github.com/bettercap/bettercap
bettercap/bettercap,bettercap,v2.7,T10627E9C7E215199BCFD13A71E5FFA204F3710071825396897A27B43AA66B5F90EBE340,bbb68702499be69705f18d3c08439c4a3275f89dd91caccb1feaeee07a467144,N/A,2018-07-23T07:18:15Z,https://github.com/bettercap/bettercap
bettercap/bettercap,bettercap,v2.7,T1D537E7C5A5412FABCF992A30D2EE7325D3711100815287AE23BBF72DBE135F95BAE504,d435609d7b9939a62e65b54fc93516e660c87a49f21af991cf7b5660f1c22356,N/A,2018-07-23T07:18:15Z,https://github.com/bettercap/bettercap
bettercap/bettercap,bettercap,v2.7,T19137F9C1A7842E5FDF663B34E2ABE120E371600490A2D59A2B37723D86571F51FAFD84,7eeb9db5c47825a1bfdc80cc90cac21ca76d26f63ade6e262c75951920756fe6,N/A,2018-07-23T07:18:15Z,https://github.com/bettercap/bettercap
bettercap/bettercap,bettercap,v2.7,T1E027C6C8D9012BEBCF2D7E34E1EBD600D770410081A29AA53377F96EB5521F57BAB948,0537ca8e293b3508bca19a863a47e28443989d0a320b52d11dcdac072fc07b33,N/A,2018-07-23T07:18:15Z,https://github.com/bettercap/bettercap
bettercap/bettercap,bettercap,v2.7,T1B227D8CA92085F9FCF2A3A30E5F6E614D73640118183D68A7377E12ED1920FD5EBE991,7f5b4cfc177009d4ccd9060398730a1d3b911e15484c359dd3e03c95c9c60998,N/A,2018-07-23T07:18:15Z,https://github.com/bettercap/bettercap
bettercap/bettercap,bettercap,v2.7,T1E247E8CAD55519E6CF66B970D6AB6310F77130008121BBC77B77742EB622AF52BAE300,e52e6bee965f3b53f91eb2f7441215485e517e3183653f7dd219cc59a981b1a1,N/A,2018-07-23T07:18:15Z,https://github.com/bettercap/bettercap
bettercap/bettercap,bettercap.exe,v2.7,T13227D9CAE45614EBCF6AF530C6D77211F77130458222BBD72B76612A9612EF52EBE300,1c280f95f3993bd9fe462000a73fc74094e62d4a824a743fff3bfa51af5e5be6,8575689ebb482251834dd7f8248b3bfc,2018-07-23T07:18:15Z,https://github.com/bettercap/bettercap
bettercap/bettercap,bettercap,v2.6,T100370ACBF5151997CFD13A71F5BEA604F3B61070C28396892A27B43967771EA0ABE340,eeb30dd93f28b9d4409980a4ac8fcf15c8765f52f8a65aa2b84279861c0013a3,N/A,2018-05-12T11:23:40Z,https://github.com/bettercap/bettercap
bettercap/bettercap,bettercap,v2.6,T176272AD7F80615FBCFAAB574CA876325FB303005C22267872BB7916A5912BEC5A7D310,6cc8a3749e4d08030da0429b54e036545c0c5279fd6e83cb4706e999a2ec1e34,N/A,2018-05-12T11:23:40Z,https://github.com/bettercap/bettercap
bettercap/bettercap,bettercap,v2.6,T17127EBC7E255199BCFD13A71E5FFB204F3714071824396893A27B43AA66A5F90EBE340,ee1dee6d951acb5a8437e04a94beb411c23c6d58b4e1a0873eae068e909f1376,N/A,2018-05-12T11:23:40Z,https://github.com/bettercap/bettercap
bettercap/bettercap,bettercap,v2.6,T14E37E7C595412FABCF992A30D2EE7325D3711100815797AE23B6F32DBE131BA6FAE504,f5ca6298536f78c9d42eeff14e17d1c581849f7554f676728b81061cd2e3933e,N/A,2018-05-12T11:23:40Z,https://github.com/bettercap/bettercap
bettercap/bettercap,bettercap,v2.6,T1D7371AC1A7842E5FDF663B34E2A7E130E371640490A2E69A2B37323D96571F11F6F984,4bf765fc24ea8f97e662d8f9c129a29a0dd9b871799af6bbd2bacb16adc5ea2c,N/A,2018-05-12T11:23:40Z,https://github.com/bettercap/bettercap
bettercap/bettercap,bettercap,v2.6,T1D227D7C899012FEBCF2D7E74D1EBE600D370410081A29AA93377F96AB5531F57B9B948,728bf5337a26b681f12e85f8e5db3a1b0f6dacb6403d8d46800401aeb741b70f,N/A,2018-05-12T11:23:40Z,https://github.com/bettercap/bettercap
bettercap/bettercap,bettercap,v2.6,T1AA27D7CA92085B9FCF2A3A30E5F6E614D73640118183D68A7377E12EE5920FD5EBF950,aa5a6a5cf93e862276974e479637634e8d3d5a4ec956224b9e9575d40e7b3ed1,N/A,2018-05-12T11:23:40Z,https://github.com/bettercap/bettercap
bettercap/bettercap,bettercap,v2.6,T13A47E9CAD54519E6CF66B971D6AB6310F77130018121FBC73B77742AB612AF92BAE300,c16d2011a9ccb659e26b39f4c8173b39daff54e7ee0c08e61ca162ddbea3660a,N/A,2018-05-12T11:23:40Z,https://github.com/bettercap/bettercap
bettercap/bettercap,bettercap.exe,v2.6,T1F227D8CAE45614EBCF6AF530C69B7311F77130418222BB976B76612A9612EF52FBD300,18e757d30fec1e7cb701225319897be9650c5e0acb398cdd25903b7498b2be28,8575689ebb482251834dd7f8248b3bfc,2018-05-12T11:23:40Z,https://github.com/bettercap/bettercap
bettercap/bettercap,bettercap,v2.5,T112371CCBE6150997CFD13A75F5BEA604F3B25070C28396893A27B43967771EA0A7B340,1dc6e2562727505e8c4e6c58eccb7b7b124747b1be316d3d17ac86ac570bd2aa,N/A,2018-04-23T17:50:45Z,https://github.com/bettercap/bettercap
bettercap/bettercap,bettercap,v2.5,T159271AD7E80509F6CFAAB5B0CA976328F7303045C22267C72B77917A5A12FE85A7D350,f1c3ec5811ed44077edfedfe09882045838f5daf023670de671774932dab4034,N/A,2018-04-23T17:50:45Z,https://github.com/bettercap/bettercap
bettercap/bettercap,bettercap,v2.5,T1EF27FBCAE511199BCFD13A75E5FFB204F3710071825396897A37A43AA26A5F90EBF340,11f6315b7373956c8f78625890c27f272f5eb29805702d8e58a63435cbd56d5c,N/A,2018-04-23T17:50:45Z,https://github.com/bettercap/bettercap
bettercap/bettercap,bettercap,v2.5,T1E437E6C995012EABCF992A70D5EE7324D7711100819387AD23BAF32DBD135FA6FEA504,ad6178d36e18f781c93e27b41f7975a9e1a3eb7d92b73c207519384d34561d28,N/A,2018-04-23T17:50:45Z,https://github.com/bettercap/bettercap
bettercap/bettercap,bettercap,v2.5,T1483709C2A7842E9FDF653B30E2E7E120E3716404C0A2D69A2737712D8A571F55FAF984,3464aa8ffd3b4c28e5c47040c75ea6cd2567de07d9af04170f8d73ead142d52d,N/A,2018-04-23T17:50:45Z,https://github.com/bettercap/bettercap
bettercap/bettercap,bettercap,v2.5,T10627E7C8D9012BEBCF2E7E34D1EBD600D770411081A29AA93377F96AB5131F57B9B948,c272b6915a44eda2ace243cafc3bdcabba467fe9d3d4b2d9535ecdf7aef25733,N/A,2018-04-23T17:50:45Z,https://github.com/bettercap/bettercap
bettercap/bettercap,bettercap,v2.5,T1E227E8C692085B9FCF2A3A34E5F6E604D73640118183D68A7377E11EE5920FE1FBE991,b0d2c0f7625668cfbcad68e33a2419210f5ab471eb52181d40f888de072287a7,N/A,2018-04-23T17:50:45Z,https://github.com/bettercap/bettercap
bettercap/bettercap,bettercap,v2.5,T18247E9CAD55519E6CF66B970D6AB6310F77030008122BBC73777646EB612AF92BEE340,229a631ce0952b41cfa1353ac1564722138bed76ccf13a8b1bcf209684212a6b,N/A,2018-04-23T17:50:45Z,https://github.com/bettercap/bettercap
bettercap/bettercap,bettercap.exe,v2.5,T1B027FACAE45615EBCF6AF530C6DB7211F73130418232BBD76B76612A9612AF52EBD300,2a990a26d59b9055311400f0cbfae9eb073c50e0095562383ef93b4c311f1937,8575689ebb482251834dd7f8248b3bfc,2018-04-23T17:50:45Z,https://github.com/bettercap/bettercap
bettercap/bettercap,bettercap,v2.4,T1F9371BCBE6151997DFD13A71F5BEA600F3B25070C28396C92A27B43967771EA0A7E340,877f760449539886e2004ab15fa5307b99ee6c83c814b1acb0bebefd8acad84f,N/A,2018-03-29T10:31:42Z,https://github.com/bettercap/bettercap
bettercap/bettercap,bettercap,v2.4,T1B92718C7F84609FACFBAF570CA972314F7307015C22267C32B66917A5A16BE85A7E350,6781049bf43a31b1c237967e74e56429eac4e14bc82921080d00fe8534eeb022,N/A,2018-03-29T10:31:42Z,https://github.com/bettercap/bettercap
bettercap/bettercap,bettercap,v2.4,T14917FACBE111199BCFD13A75E5FFA240F3750071825396993A27E43AA26B5F90EBE340,cf3920cdd3ffa6aded0ef00138a161b5d56db717660a9afe7f08118481c0a808,N/A,2018-03-29T10:31:42Z,https://github.com/bettercap/bettercap
bettercap/bettercap,bettercap,v2.4,T14B37D5C595412AABCF993A30D5EE7324D77111008092D7AE23B7B72EBD036F95FEA904,c4bb2985ab3633e43bae31905ec9d491c522bfbd2a71519e2cea60ed688182fc,N/A,2018-03-29T10:31:42Z,https://github.com/bettercap/bettercap
bettercap/bettercap,bettercap,v2.4,T1C63708C697441EAFDF653B30E2ABE230E3B12414C0B296972737712E86570F55FAE984,3e83c2da404edf9c5df59ed8e7ec420131018942f601db6556f416e5d6bc10ed,N/A,2018-03-29T10:31:42Z,https://github.com/bettercap/bettercap
bettercap/bettercap,bettercap,v2.4,T1A327D7C899052EEBCF2E6E74D1EBE600D730501081A39AA53377F96AB4131F57BDB948,764de4291672e27e9be185c9c2558b3b12a1e9b8023c54b83f49f01488870c14,N/A,2018-03-29T10:31:42Z,https://github.com/bettercap/bettercap
bettercap/bettercap,bettercap,v2.4,T1CD27E8CA96185B9FCF2A3930A5F6E614D73540008183D68A7377E12ED1920FE5EFFA61,6348a0de59762864d7ba9c6469719ac04fb3454be1756b6b4a33aba3e8f3eb67,N/A,2018-03-29T10:31:42Z,https://github.com/bettercap/bettercap
bettercap/bettercap,bettercap,v2.4,T11447E9CAD55519E6CF66B970CAAB6310F77030108121BBC77B77711EB6629F92BAE300,3fa607728d66ef8399f2eeb770c4c26f52e58b2cf703d8c4e4e349f917f9a88c,N/A,2018-03-29T10:31:42Z,https://github.com/bettercap/bettercap
bettercap/bettercap,bettercap.exe,v2.4,T12727E8CAE45614EBCF6AF570C6A76211F731304582327BC73B77652A9612AF42EBE310,d31fc845fe09a08666f25ee3a6a0afb650aa7b668b94178363ac42df389fe3fd,8575689ebb482251834dd7f8248b3bfc,2018-03-29T10:31:42Z,https://github.com/bettercap/bettercap
bettercap/bettercap,bettercap,v2.3.1,T1A3274AC7B6650453DFE43A71F4BE860473B75475C28391892E22E9347BBB2DA0B7A780,563c52fb05f6e456e33c1341aa03d8482cea5b9b46d0bcc699d9fbe1719505a2,N/A,2018-03-23T11:29:27Z,https://github.com/bettercap/bettercap
bettercap/bettercap,bettercap,v2.3.1,T139273A86F89340D7CFBEE535D99A1311BB313042C23077E76F75A5A5A609BE86ABD300,95628f0bc2a58b94821db2fad0ed92b7a7e5863d9c684fe9d88d3dc38eeddfc9,N/A,2018-03-23T11:29:27Z,https://github.com/bettercap/bettercap
bettercap/bettercap,bettercap,v2.3.1,T1900738C3F4510953DFD43A36ECFE8144737312B492A3A4986D26E838B69E5F91EB9384,bc3507eadbad901b20c94b6e121e9819e9a30af5844b54b3f0308b6ebe0e76d9,N/A,2018-03-23T11:29:27Z,https://github.com/bettercap/bettercap
bettercap/bettercap,bettercap,v2.3.1,T163272AC194426A67CBDC4B30D8ED632567762311C1A0A77D23B5F738BC027BABBD9948,d2d00443d82a74c153407cab2f359d5c54696a1ff47559a08dea2557a637659c,N/A,2018-03-23T11:29:27Z,https://github.com/bettercap/bettercap
bettercap/bettercap,bettercap,v2.3.1,T19E274AD36B940D0BEFA82735E5A6C034B7F33724C0F0A5671A22222C5E6B5B56F5B9C4,91b831c16e4c2db45ba509bcc6c287b1520923c690d53d80a322349ccccb355e,N/A,2018-03-23T11:29:27Z,https://github.com/bettercap/bettercap
bettercap/bettercap,bettercap,v2.3.1,T13A173BC59C0126B7DE3C5F38D8EBC704A671431481F19AB426B1ED69F8462B9BBD788C,afa018f2e467095c3ac0a676ca4ba1c3b2042d04d61d7041b1be94492512d64e,N/A,2018-03-23T11:29:27Z,https://github.com/bettercap/bettercap
bettercap/bettercap,bettercap,v2.3.1,T171175A8755184B5FCF3C35356CB68690AB3B435941E6E487B322C219E4860BDAFEF8E1,bc12ac08dd1c0cbcc02075cddc176dcc6a33dccfa3394e9f013d6433f8aa0295,N/A,2018-03-23T11:29:27Z,https://github.com/bettercap/bettercap
bettercap/bettercap,bettercap,v2.3.1,T19A374CC7E45605D2DFB9F971C89A0321BBB17011C220FBC76F65A519BA56AF83B9E300,d2de98d40a798217eb3ee3bbbaa9e210b8f7da299683be505fd99bd7080c523e,N/A,2018-03-23T11:29:27Z,https://github.com/bettercap/bettercap
bettercap/bettercap,bettercap.exe,v2.3.1,T111173A87F45300E7CF79E53089966221B67230518231BBD72F656669AB15FE8BFBE300,5494a71ae8d0ff1fd73e484889e1e06eb03abe748c129d613fcff23fb1dbda98,a9c6335505757e53c0e03fb6152ece20,2018-03-23T11:29:27Z,https://github.com/bettercap/bettercap
bettercap/bettercap,bettercap,v2.3,T16C274BC7B6650553CFE43A75F4BE864473B35071838391C92A22E934BBBB2DD0A7A784,fa9e07e6389a50f9c4c93127a15f35b20db41b4a9594d003cd211f58dc68f9ec,N/A,2018-03-20T15:17:09Z,https://github.com/bettercap/bettercap
bettercap/bettercap,bettercap,v2.3,T1F4272B87F49600D7CFBEE530E9971221BB723051C2307BE76B72A5A56615BE87ABD300,3854f5fe5aed7bbd0993bc66d0eb31d10e3f9abd70b7de0cf2e5475499e7999e,N/A,2018-03-20T15:17:09Z,https://github.com/bettercap/bettercap
bettercap/bettercap,bettercap,v2.3,T1600749C7B4A10953DFE43A76ECFE82447373027493A794986C26EC38769E1B91EB9344,148de3cd487138349e4936fc8da565f3f28297c3e8c19269705c021578e72c4a,N/A,2018-03-20T15:17:09Z,https://github.com/bettercap/bettercap
bettercap/bettercap,bettercap,v2.3,T1382729C168425B27CBE80F34D9ED22296777231191A1977D23B6F7287D0237ABFC9948,4ba8cbc536ae611305a7e8e5a524dec2b430355ee77cbbca802cb5759235b072,N/A,2018-03-20T15:17:09Z,https://github.com/bettercap/bettercap
bettercap/bettercap,bettercap,v2.3,T17A2739E26BC01D5BDFA82735A4A7C03473F77324C0B0A5661A32322C5EAB5B57F5E984,213dd544849f9cf23f967b774eec6383c064a8c57899c2008f413c01ca9f6010,N/A,2018-03-20T15:17:09Z,https://github.com/bettercap/bettercap
bettercap/bettercap,bettercap,v2.3,T1EA173CC198012AA7CA3C5E38D4EBCB04A675531481F1A97427B1ED9DFC4A2B5BFD788C,049da1976a5c626918f0f9a2e78825aa2b07b2a04e5f2f2ab28a208a1ab958a4,N/A,2018-03-20T15:17:09Z,https://github.com/bettercap/bettercap
bettercap/bettercap,bettercap,v2.3,T121175B8759184B0FDF3C26355CB68A946B3B535991E6E086B322C118E88607D7FEFCB1,61520b8760842de8f6fdac3871ca2f54891a77089b86c7e288915bcefdbca038,N/A,2018-03-20T15:17:09Z,https://github.com/bettercap/bettercap
bettercap/bettercap,bettercap,v2.3,T10B374BC7E89605D2DFB9F871C9964720BBB13001C220FBC76F65A159B655AF83BAE340,07e2eea23f04e755074186349862551a5a05d8a0823bec06f406060664325c8d,N/A,2018-03-20T15:17:09Z,https://github.com/bettercap/bettercap
bettercap/bettercap,bettercap.exe,v2.3,T1DF174B87F8A300E7CF79E13089D65321B67230558231BBD72F759669AA15BE87EBD300,d938a4f0e8b0b855b333219ce02ca3c7634da5950cb5abee53946650e7539134,a9c6335505757e53c0e03fb6152ece20,2018-03-20T15:17:09Z,https://github.com/bettercap/bettercap
bettercap/bettercap,bettercap,v2.2,T1F2176BC7BA214953CFD42A75F8BE864473F75070829391952D22E93477BB2EE0A7B780,693800e19aa9460bf931713f49d49cf9365db545245d92c97eca812b414573ee,N/A,2018-03-13T16:59:46Z,https://github.com/bettercap/bettercap
bettercap/bettercap,bettercap,v2.2,T1CF171887F85204D7CFFAE23089971311BF723081C23077E76F65A9655A5ABE97AAD300,f220096c193e3a9325f0fb0230d0cfaaa2d04ddd44c64c344fa5f8125885ca97,N/A,2018-03-13T16:59:46Z,https://github.com/bettercap/bettercap
bettercap/bettercap,bettercap,v2.2,T1F2F64AC7F5610963CED52635FCFE8244737702B993A7A1986C16EC383A9E1E91EB9340,902541cc20008567cda2373c7bf8caad7c0f9908073d83337762e02555309a05,N/A,2018-03-13T16:59:46Z,https://github.com/bettercap/bettercap
bettercap/bettercap,bettercap,v2.2,T12D173AC154126A2BCBE80B3498EE5A3A7376231181D5D77D2375F7383D4327ABF99888,b5e7b21df6e64ec4c1cd5e8123a97fefddb379c87e8d45d4b2cc105a034c2d6b,N/A,2018-03-13T16:59:46Z,https://github.com/bettercap/bettercap
bettercap/bettercap,bettercap,v2.2,T153172AD2AB440D1BEFB8273CA8A7C03477E7B324D1B064561A26753C1E6A1B47F5E9C8,03403ea231ebd1d70360fffe73c3cfc4c1eef3e1c3c6281e701880968c3f0651,N/A,2018-03-13T16:59:46Z,https://github.com/bettercap/bettercap
bettercap/bettercap,bettercap,v2.2,T1F7074C819C012AB7C97C4F3894EBCB047675531881F299B43660EAADBC463B5BFD798C,f781995a5e9c8d4b4a1a2a5e53aa472e3791e2588ff9d4dde3d20bb4313f2c8c,N/A,2018-03-13T16:59:46Z,https://github.com/bettercap/bettercap
bettercap/bettercap,bettercap,v2.2,T186074C8759484B5FCF3C22382CB5CA847B3B535921E6E4967212C11DE9860BD6FEE9F0,e5615acf6c6f5fabeb2b2a1016dc5f5e278c63c0e8a7602b60e2c61f8458e2f7,N/A,2018-03-13T16:59:46Z,https://github.com/bettercap/bettercap
bettercap/bettercap,bettercap,v2.2,T18B275EC7D85605E2DFB9D93088A60320BBB570418230FFD37F65A5697A56BE87B9E300,4a8697cad1b8fe81d28050098b3eaf04219daf322038a05322d64032dc2ed7b3,N/A,2018-03-13T16:59:46Z,https://github.com/bettercap/bettercap
bettercap/bettercap,bettercap.exe,v2.2,T139073A87F8A204E7CFBDE13089D65721B672704582317BC72E6592692B45BF87EBE304,727c3103e29c6b3323be0582afaf2813e83d2f1e83b64181d0cc67ed5e209bd0,a9c6335505757e53c0e03fb6152ece20,2018-03-13T16:59:46Z,https://github.com/bettercap/bettercap
bettercap/bettercap,bettercap,v2.1,T151173BCBB96105A3CFD42A70F8BE864473B75071C293A1852E16AD3477BB1ED0A7B784,d33e092886b3b09cb09dafb5c9e87b7f63965718078dacbfbd04af2c6e59d78c,N/A,2018-03-06T19:33:21Z,https://github.com/bettercap/bettercap
bettercap/bettercap,bettercap,v2.1,T16ED62A07F8E604EAC67FE134869777327EB1345683343B936F50A9A52B5ABE4663D300,ddf1577f52086849c550e2a67fda6663a69386c7764812045a680ef53f714ccf,N/A,2018-03-06T19:33:21Z,https://github.com/bettercap/bettercap
bettercap/bettercap,bettercap,v2.1,T14AF649C7F8610563DED42676ECFE8184737702B493A7A4987D1AEC383A9E1E91E79340,ac75ce3723dcfea4fcf0934340546915fa05772634ca386c11e76055b3631d98,N/A,2018-03-06T19:33:21Z,https://github.com/bettercap/bettercap
bettercap/bettercap,bettercap,v2.1,T1911729815812AB77CBD80B3498EE2725AA762304C1E4E77D6375FB283D4237A7F9C548,35b8d95912fe44ed673f7af66a203336e72066a3ced8c4028e12f4df59df0382,N/A,2018-03-06T19:33:21Z,https://github.com/bettercap/bettercap
bettercap/bettercap,bettercap,v2.1,T12C173B93BB840D5BDFA82338A9EBC17473E77325C0B154966B22322C1F5A2753E5E9C4,48dcc1dd2618c0e2867e7d66f69f7850f3f461e387f3a77e453a0c5954cf481b,N/A,2018-03-06T19:33:21Z,https://github.com/bettercap/bettercap
bettercap/bettercap,bettercap,v2.1,T1B5074E85DC0537B7C97C4F38A8EBCB05AA75031481F295743660EA9EBC462B4BBD798C,0671811b44c4bc3ad4d82b75322b2ebcb2dfaab19bd488b836c81cc6d660aead,N/A,2018-03-06T19:33:21Z,https://github.com/bettercap/bettercap
bettercap/bettercap,bettercap,v2.1,T110073B4799584B5FCF3C21343CB58A847B3F525A61DAE4867312C11DA9860BCAFAF8F1,ba9922a2f9375509f7502d277d5b3dfa71ebacd2df68599cbff4ac9f9127014b,N/A,2018-03-06T19:33:21Z,https://github.com/bettercap/bettercap
bettercap/bettercap,bettercap,v2.1,T1F6274BC7E95604A2DFB9D530C8AB4324BBB570058231FBC37F65A52D7646AE83B9E304,da996e88a01c2a341588abf505da1cab2bab3855fb4c487dcf148a0703a76c4e,N/A,2018-03-06T19:33:21Z,https://github.com/bettercap/bettercap
bettercap/bettercap,bettercap_windows_amd64_2.0.0.exe,v2.0.0,T1E9073A86F8A204E7CFBEE23089D76321B672705182317BC72E65566A5746BE87F7D300,f8b65905424eb63b86d52197727467d69dde1d5e4c23f20badc6107ac7092d44,a9c6335505757e53c0e03fb6152ece20,2018-02-27T19:26:24Z,https://github.com/bettercap/bettercap
bettercap/bettercap,bettercap_windows_amd64_2.0.0RC3.exe,v2.0.0RC3,T184073996F8A200E7CFBEE23089D65621B672305183317BC72E6956696745FE87FBD300,4b3132c1110f0f5d4be12a1342b63500970c08e1c7a42cb96c92652d7cec48b8,a9c6335505757e53c0e03fb6152ece20,2018-02-26T18:47:25Z,https://github.com/bettercap/bettercap
bettercap/bettercap,bettercap_windows_amd64_2.0.0RC2.exe,v2.0.0RC2,T10707294AF8A204E7CFBEE23088D75611B672704182357BC76F6956696746BE83FBD300,20a633707771f5b3cca281d5195efea10228fe163c8b0565be26eea94de1860f,a9c6335505757e53c0e03fb6152ece20,2018-02-24T22:09:07Z,https://github.com/bettercap/bettercap
bettercap/bettercap,bettercap-ng_windows_amd64_2.0.0RC1.exe,v2.0.0RC1,T197272886F49300E7CB7DE13089D65B22BAB2705283317B9B2FA147596B45BE47EBD304,7565ad3c13aad80532a4eb57490f2d3d2cff94d1ff08e0201c6f07999a8db9bc,a9c6335505757e53c0e03fb6152ece20,2018-02-22T21:00:18Z,https://github.com/bettercap/bettercap
bettercap/bettercap,bettercap-ng_windows_amd64_2.0.0RC0.exe,v2.0.0RC0,T17A272886F49300E7CB7DE13089D65B22BAB2705283317B9B2FA147596B45BE47EBD304,d3fa070d22e5b74789dc27d4a401386b8c32e89b5a24292705901b862c78612a,a9c6335505757e53c0e03fb6152ece20,2018-02-21T15:32:01Z,https://github.com/bettercap/bettercap
