Repo Name,File Name,Release Version,TLSH Hash,SHA256 Hash,Date Added,Intel
NYAN-x-CAT/AsyncRAT-C-Sharp,AsyncRAT/AsyncRAT.exe,v0.5.8,T1D166BE32B5E08268F062C874F09176B5EE723C764F28F9C7CD44BA692E376A58535F21,06899071233d61009a64c726a4523aa13d81c2517a0486cc99ac5931837008e5,2024-12-11T18:20:47Z,https://github.com/NYAN-x-CAT/AsyncRAT-C-Sharp
NYAN-x-CAT/AsyncRAT-C-Sharp,AsyncRAT/Plugins/Chat.dll,v0.5.8,T1B6840827B6964FA1C6480737D1D7801563A08A05BBE3E34BB85817E55C833A6FE4FAD3,37d41c7042210845593ddd7e5a5e37a37f6605305264d50a30aa2be1686000f6,2024-12-11T18:20:47Z,https://github.com/NYAN-x-CAT/AsyncRAT-C-Sharp
NYAN-x-CAT/AsyncRAT-C-Sharp,AsyncRAT/Plugins/Extra.dll,v0.5.8,T1A3842967B6D68D20CA895B33C0D7900407749D8937D3FB0B748913E1585B3BAF9CAA9B,7dd3978e7721f4460d639d17c47fe1307917dbacfb858d0d12e403105cd47089,2024-12-11T18:20:47Z,https://github.com/NYAN-x-CAT/AsyncRAT-C-Sharp
NYAN-x-CAT/AsyncRAT-C-Sharp,AsyncRAT/Plugins/FileManager.dll,v0.5.8,T153844A2BF589DD61C6892737D0DB84005361CA41B7F3F70F784923E9AC1736AE95AA83,9d1b94035f381b5183e82a317f001725674c8ea1c5cd82ab5af408f7f53ca19d,2024-12-11T18:20:47Z,https://github.com/NYAN-x-CAT/AsyncRAT-C-Sharp
NYAN-x-CAT/AsyncRAT-C-Sharp,AsyncRAT/Plugins/FileSearcher.dll,v0.5.8,T1F7945B177B9A5D15C6DC0737E59FA00057B0C542B693EB0A798D03EA58033BFDA8EA93,a6bdd625fa1d9a7ee66e4ca09ced0b3dca8afd2ad92ecaf44fd9a879b57cb198,2024-12-11T18:20:47Z,https://github.com/NYAN-x-CAT/AsyncRAT-C-Sharp
NYAN-x-CAT/AsyncRAT-C-Sharp,AsyncRAT/Plugins/LimeLogger.dll,v0.5.8,T18184F73BB69A5D31C286173BE4CBC40107B0D94576E3F70A798913A5A9133EBF84A6C7,cd5cdf0eade067fb0d97881258e4e29d88386cc9ec7a6ea315d159d284858857,2024-12-11T18:20:47Z,https://github.com/NYAN-x-CAT/AsyncRAT-C-Sharp
NYAN-x-CAT/AsyncRAT-C-Sharp,AsyncRAT/Plugins/Miscellaneous.dll,v0.5.8,T130C409077E5B4E61E1061772C1ABD90457B6E7E136D7EB0F3E8A13E618033A6C98B943,783d9d5334aa40f35acf8ff941a6b5bed908fd94dc14a05712b8a9eb9220cd5b,2024-12-11T18:20:47Z,https://github.com/NYAN-x-CAT/AsyncRAT-C-Sharp
NYAN-x-CAT/AsyncRAT-C-Sharp,AsyncRAT/Plugins/Options.dll,v0.5.8,T154843A2375AA1DB0C6850B37E1CB510097B8BA4576E3E30B788553E22D13767FECA987,8dc80b8bf9b3123289e132270e74a31176deec4f74e6ac20d7b6a9fcdb89e8a1,2024-12-11T18:20:47Z,https://github.com/NYAN-x-CAT/AsyncRAT-C-Sharp
NYAN-x-CAT/AsyncRAT-C-Sharp,AsyncRAT/Plugins/ProcessManager.dll,v0.5.8,T11874191776964E20C798073BE8D7D1011BB0AA4972D3E70B7A4823E50C17B7EED8BA57,3ad861ad9bc3edfdd486c060879f4f2450a51757c67f3b514f71381057580218,2024-12-11T18:20:47Z,https://github.com/NYAN-x-CAT/AsyncRAT-C-Sharp
NYAN-x-CAT/AsyncRAT-C-Sharp,AsyncRAT/Plugins/Recovery.dll,v0.5.8,T16BD49E3B75AE8C21DB985737E19B91025BB08E5133D3E34BB44627D508033BBEE466A7,7fd48ac68f182e0ced2ace00b223fa1d35bd8a20d75600b5400267cd5db5cc84,2024-12-11T18:20:47Z,https://github.com/NYAN-x-CAT/AsyncRAT-C-Sharp
NYAN-x-CAT/AsyncRAT-C-Sharp,AsyncRAT/Plugins/RemoteCamera.dll,v0.5.8,T1FFA4E807B9465F31D2640776C0F7490057B89A862BA7EB4F799A23D638033AEDC87E53,87938027a63a867b831c86611dc6a2c1fc6af61526dc2269328af4b59e15b1e1,2024-12-11T18:20:47Z,https://github.com/NYAN-x-CAT/AsyncRAT-C-Sharp
NYAN-x-CAT/AsyncRAT-C-Sharp,AsyncRAT/Plugins/RemoteDesktop.dll,v0.5.8,T18B842A2B7FB55E21D2A4033BC19B940047A8D644B7E3E70F398D4395694336AEE4ABD3,56fd699258a7186f709068c283cd725797bab392e3a6f1cd28f35bbdb3e98e38,2024-12-11T18:20:47Z,https://github.com/NYAN-x-CAT/AsyncRAT-C-Sharp
NYAN-x-CAT/AsyncRAT-C-Sharp,AsyncRAT/Plugins/SendFile.dll,v0.5.8,T1C38409ABB99A4D20C2586737D0D7510043B85E4A37E3E70B78C913A56C133BFE98669F,1a717c40ff7f60c18953b46a69a8fc47cce7dad6116cd3715deb2abf0d80722d,2024-12-11T18:20:47Z,https://github.com/NYAN-x-CAT/AsyncRAT-C-Sharp
NYAN-x-CAT/AsyncRAT-C-Sharp,AsyncRAT/Plugins/SendMemory.dll,v0.5.8,T15F840A2BBAAA4E31C2D91337E0D780004B74A94576E3F71F748913D698077BAEA86D47,b0b5dda6cac5d1e91958379dc1fda602dd1566127f21e30196382743a350a4d8,2024-12-11T18:20:47Z,https://github.com/NYAN-x-CAT/AsyncRAT-C-Sharp
NYAN-x-CAT/AsyncRAT-C-Sharp,AsyncRAT/Stub/Stub.exe,v0.5.8,T12F034A01BBD8C677E3AD0B785473430842B4D9976503FB9A6CC864FB6A17BC987027DA,0e19cefba973323c234322452dfd04e318f14809375090b4f6ab39282f6ba07e,2024-12-11T18:20:47Z,https://github.com/NYAN-x-CAT/AsyncRAT-C-Sharp
NYAN-x-CAT/AsyncRAT-C-Sharp,AsyncRAT v0.5.7B/AsyncRAT.exe,v0.5.7B,T14B66AD32B5E48268F062C874F08176B5EE713C764F28F9C7CD45BA292E37AA58535F21,bb1f2c2c9b279790b67eaea6ab0bbce3a4d4432bbe1bd716750f2f9ba3337f7e,2024-12-11T18:20:47Z,https://github.com/NYAN-x-CAT/AsyncRAT-C-Sharp
NYAN-x-CAT/AsyncRAT-C-Sharp,AsyncRAT v0.5.7B/Fixer.bat,v0.5.7B,T1CCC08C9BA120550047C434A20B31A89A386930228E501907392D80B1ADC52E4A218018,5255fa89ba49c5f1f2c81d66d42e3b16305296945683954eab1492ed11b90b4c,2024-12-11T18:20:47Z,https://github.com/NYAN-x-CAT/AsyncRAT-C-Sharp
NYAN-x-CAT/AsyncRAT-C-Sharp,AsyncRAT v0.5.7B/Plugins/Chat.dll,v0.5.7B,T1FDB319BFB6E14EA2C1941D77C0E3502003F2AA873673DB4E798512A65E433DE9D5B6C8,035083d86c6bef2b7c89b3f55ee7c230339c6f9e10031b6c30318524a8f1a683,2024-12-11T18:20:47Z,https://github.com/NYAN-x-CAT/AsyncRAT-C-Sharp
NYAN-x-CAT/AsyncRAT-C-Sharp,AsyncRAT v0.5.7B/Plugins/Extra.dll,v0.5.7B,T155B3176EBBE29E00C5991932D0E3901403B3D7C33B73EB0E3A8517164E537EE9A5A6D5,5e4836acd45f8147657fe0bea3fe1e1bdf7e0bdd3f305e873ac0d928ece167ec,2024-12-11T18:20:47Z,https://github.com/NYAN-x-CAT/AsyncRAT-C-Sharp
NYAN-x-CAT/AsyncRAT-C-Sharp,AsyncRAT v0.5.7B/Plugins/FileManager.dll,v0.5.7B,T1CDC307BFBAA28E11C2591976C0F7522013E3C7C72673D74ABB4643568E433DEAD4A1C8,301450a9f064a8691b08cbac442c254ead82f5aca333064a0f38f6dfc43c57ad,2024-12-11T18:20:47Z,https://github.com/NYAN-x-CAT/AsyncRAT-C-Sharp
NYAN-x-CAT/AsyncRAT-C-Sharp,AsyncRAT v0.5.7B/Plugins/FileSearcher.dll,v0.5.7B,T1F914C07972EA8F82C1A88AB5D0F3115017F687873673C3453D89934A9F127CDDE6A6C8,cd48e4813a23100437ac205a9e3cb85fac743c300d3eac76157c7aac651b74c8,2024-12-11T18:20:47Z,https://github.com/NYAN-x-CAT/AsyncRAT-C-Sharp
NYAN-x-CAT/AsyncRAT-C-Sharp,AsyncRAT v0.5.7B/Plugins/LimeLogger.dll,v0.5.7B,T1D9B318BEB3E68E21C2585636C0E7501403B796832237EB4B7A8513564F437DE9E8B6DC,c860f7d71307487badb04c598a2f20e25dc8f4275e4b1960af9470bcc97f9258,2024-12-11T18:20:47Z,https://github.com/NYAN-x-CAT/AsyncRAT-C-Sharp
NYAN-x-CAT/AsyncRAT-C-Sharp,AsyncRAT v0.5.7B/Plugins/Miscellaneous.dll,v0.5.7B,T13B443926B7A59D11C5091A37D0D75000DBF697C637E3EB0E3A8013A51E533EEE99A2CE,386f31ed9819f8e7741bda6648f83f9d1148bb4737b2d0a2d919ccfda7bfba3f,2024-12-11T18:20:48Z,https://github.com/NYAN-x-CAT/AsyncRAT-C-Sharp
NYAN-x-CAT/AsyncRAT-C-Sharp,AsyncRAT v0.5.7B/Plugins/Options.dll,v0.5.7B,T180C319BE73958E11C3991D32C1D7511043F3CB872673D70B3E8522A64E127EEAE9A6D8,ca16f7b56727feb51ff803d4cae5af1e59591cda18d1cd03ba8644962e10469b,2024-12-11T18:20:48Z,https://github.com/NYAN-x-CAT/AsyncRAT-C-Sharp
NYAN-x-CAT/AsyncRAT-C-Sharp,AsyncRAT v0.5.7B/Plugins/ProcessManager.dll,v0.5.7B,T12AA3F86EB3D68E11C6881A76C5E7A11403F397C73673E78E3E4402954F123EE9E5A6C8,4ee39209212bf88fb4f1465f1fef028c67c9d5c4e901dd24124406b963d75d88,2024-12-11T18:20:48Z,https://github.com/NYAN-x-CAT/AsyncRAT-C-Sharp
NYAN-x-CAT/AsyncRAT-C-Sharp,AsyncRAT v0.5.7B/Plugins/Recovery.dll,v0.5.7B,T163A4F16E72E34F11E3580E36C0E2961403B787962673D35F3E9812A64E11FEF6D9A4C9,405813d04b53574ab8c9721795e9fd705273487c852b7f4545fb875da09c7350,2024-12-11T18:20:48Z,https://github.com/NYAN-x-CAT/AsyncRAT-C-Sharp
NYAN-x-CAT/AsyncRAT-C-Sharp,AsyncRAT v0.5.7B/Plugins/RemoteCamera.dll,v0.5.7B,T1F4F31906B6E58A51C2081A36D4D7150053B79AC76733FB0F3AC503A96E433DEEA5B2ED,9a7228a2f18e18531831915e441831579d67f0466075a3df94096e17adfa4d92,2024-12-11T18:20:48Z,https://github.com/NYAN-x-CAT/AsyncRAT-C-Sharp
NYAN-x-CAT/AsyncRAT-C-Sharp,AsyncRAT v0.5.7B/Plugins/RemoteDesktop.dll,v0.5.7B,T1EEC3F8BEB7A28E51C6584A76C4E7921003F297C36373F70E398112554F037EE9E9A6C9,51b6c6b17b4ee2e99883640e3763c27e48af1fb0562c8e75b2a5a8bbeea9039f,2024-12-11T18:20:48Z,https://github.com/NYAN-x-CAT/AsyncRAT-C-Sharp
NYAN-x-CAT/AsyncRAT-C-Sharp,AsyncRAT v0.5.7B/Plugins/SendFile.dll,v0.5.7B,T13BB3E8AFB2D14E51C3884A76C0E3A12003F696872737D74E7E8412961F427DEAD9F6C9,4e47c429c681b3a23cf9bf8cdf60cab79fbeddb88b39b406a61ce21097dd7fe6,2024-12-11T18:20:48Z,https://github.com/NYAN-x-CAT/AsyncRAT-C-Sharp
NYAN-x-CAT/AsyncRAT-C-Sharp,AsyncRAT v0.5.7B/Plugins/SendMemory.dll,v0.5.7B,T1D3B3F77E76E58F51C2880635D1EB811003A7A78736B3DB0E3E4A02565F433EE9D5EAD8,c419e685c36695d159a06c55d4fe0d6ba4c393b63fa8e74c3241067b205b38cf,2024-12-11T18:20:48Z,https://github.com/NYAN-x-CAT/AsyncRAT-C-Sharp
NYAN-x-CAT/AsyncRAT-C-Sharp,AsyncRAT v0.5.7B/Stub/Stub.exe,v0.5.7B,T1DF034900BBD8C277E3AD0B789473430442B4D9A76503FB9A6CC854FB6A17BC957027DA,dbadd138fcadb07f4be4f21666e2a17ac9821a13be6f6bf139808255919ed3cb,2024-12-11T18:20:48Z,https://github.com/NYAN-x-CAT/AsyncRAT-C-Sharp
NYAN-x-CAT/AsyncRAT-C-Sharp,Compiled/AsyncRAT v0.5.7A/AsyncRAT.exe,0.5.7A,T10366AD32B6E48268F062C874F08176B5EE713C755F28F9C7CD45BA292E37AA58534F21,f64f31539c3d3eceb757a17f3edd74ca5d08f2bb6e48190c72c174af68023f38,2024-12-11T18:20:48Z,https://github.com/NYAN-x-CAT/AsyncRAT-C-Sharp
NYAN-x-CAT/AsyncRAT-C-Sharp,Compiled/AsyncRAT v0.5.7A/Plugins/Chat.dll,0.5.7A,T168B309BFB7968E51C1D46973C1D3522003B29F8BA177DB4E3D8403A64E133DA9A8E6C5,1e5249077204567eacb88e062383133844c202f97f4a002d5c6d3730db356d07,2024-12-11T18:20:48Z,https://github.com/NYAN-x-CAT/AsyncRAT-C-Sharp
NYAN-x-CAT/AsyncRAT-C-Sharp,Compiled/AsyncRAT v0.5.7A/Plugins/Extra.dll,0.5.7A,T17AB33AABB7E68F10D2680936C0D3911813B6DA877273DB8D3D8517564E033DA9D8E6CD,03b7db1f04b45285b2fe116bc7c1ec96b2c672893c019dc3a3b089d1664c60f1,2024-12-11T18:20:48Z,https://github.com/NYAN-x-CAT/AsyncRAT-C-Sharp
NYAN-x-CAT/AsyncRAT-C-Sharp,Compiled/AsyncRAT v0.5.7A/Plugins/FileManager.dll,0.5.7A,T11CC318AFB6969F11C5980E31C0E7A21417B297C73673DB0A3D8513668D023EE9D8F6C9,16380133ab832cce26194c7ce1a6c6692303c7f5a9701857c568a31a0654a15e,2024-12-11T18:20:48Z,https://github.com/NYAN-x-CAT/AsyncRAT-C-Sharp
NYAN-x-CAT/AsyncRAT-C-Sharp,Compiled/AsyncRAT v0.5.7A/Plugins/FileSearcher.dll,0.5.7A,T1CC04DFAAB2DB8B41C39545B1C8E3921103F6D6C77773D78A3D8412850F427EE9A8FAC5,3ea3ff5291992e3e116613d9218e04222318c69dc79ac4012d6eaf7d83bb4ba0,2024-12-11T18:20:48Z,https://github.com/NYAN-x-CAT/AsyncRAT-C-Sharp
NYAN-x-CAT/AsyncRAT-C-Sharp,Compiled/AsyncRAT v0.5.7A/Plugins/LimeLogger.dll,0.5.7A,T181A33CBFB6E38E51C1A81972C0E7941003B59A832677EF4E7D8507925E433DA9E8E7C4,011729f5a4788b4437d94ad324a1db96529879bc801e4883a937f02e35497d96,2024-12-11T18:20:48Z,https://github.com/NYAN-x-CAT/AsyncRAT-C-Sharp
NYAN-x-CAT/AsyncRAT-C-Sharp,Compiled/AsyncRAT v0.5.7A/Plugins/Miscellaneous.dll,0.5.7A,T101343B16BA568E10D2185B3BC1DB9000C7B1978767B3EB093DD523B529533DEED8A2CA,a507d6230b37a4d2f7a72e13afd03301f0e7e0207547fc3feadf8b8afc0c25d4,2024-12-11T18:20:48Z,https://github.com/NYAN-x-CAT/AsyncRAT-C-Sharp
NYAN-x-CAT/AsyncRAT-C-Sharp,Compiled/AsyncRAT v0.5.7A/Plugins/Options.dll,0.5.7A,T1ECB318FEB292CF60D29C1E36C0D7561413B2D64B2337DB4A7D9423654D023EA9E4AAE4,05744f1825965aa2c42c3578642714ec8e87bfdaded455a514d478b347708c84,2024-12-11T18:20:48Z,https://github.com/NYAN-x-CAT/AsyncRAT-C-Sharp
NYAN-x-CAT/AsyncRAT-C-Sharp,Compiled/AsyncRAT v0.5.7A/Plugins/ProcessManager.dll,0.5.7A,T143A33A6FB2E68F11C65E1936C8E3950003B59B873A77D7493E84139A0D033DE9DAE6D8,a6110133b0809108685992e56783f66d3fdf0682d81d7ba7f8f9c6113c365890,2024-12-11T18:20:48Z,https://github.com/NYAN-x-CAT/AsyncRAT-C-Sharp
NYAN-x-CAT/AsyncRAT-C-Sharp,Compiled/AsyncRAT v0.5.7A/Plugins/Recovery.dll,0.5.7A,T159A4F17E71D28F10D7980E3AC0D6D62103B2874A1573EB5E3D8821D98E52BD67E9F8C9,0033947d534a3588659875e776ca9f443b90496c2286bbcf32f0175f64413039,2024-12-11T18:20:48Z,https://github.com/NYAN-x-CAT/AsyncRAT-C-Sharp
NYAN-x-CAT/AsyncRAT-C-Sharp,Compiled/AsyncRAT v0.5.7A/Plugins/RemoteCamera.dll,0.5.7A,T119F33A12B6E69B11C7584A7AC4DB0A1413B597832737EB0E398403E95D433EEF98E2DD,d4a66c1ea7883dd2a4e2a8687c59e692d235e78e6a437a2e237ec68904e0d91f,2024-12-11T18:20:48Z,https://github.com/NYAN-x-CAT/AsyncRAT-C-Sharp
NYAN-x-CAT/AsyncRAT-C-Sharp,Compiled/AsyncRAT v0.5.7A/Plugins/RemoteDesktop.dll,0.5.7A,T15AC318BFB6DACE50C6580A36C4D7921003B197CA3673EB093D8916959F033DF9D8A6C9,a9292a84e9f368bd3ae3c8e5ae1ac36aaece0701f97247c94095caa03d909ac9,2024-12-11T18:20:48Z,https://github.com/NYAN-x-CAT/AsyncRAT-C-Sharp
NYAN-x-CAT/AsyncRAT-C-Sharp,Compiled/AsyncRAT v0.5.7A/Plugins/SendFile.dll,0.5.7A,T1D1A309FEB3D29F51C2585A76C0E3652403B18B836677E70A3D8503564E433EA9E8A7CD,a54e04baf2d2ec6be58a5c93e4007e5bbb52c91abda7797ac4e8b3b8bb20afd6,2024-12-11T18:20:48Z,https://github.com/NYAN-x-CAT/AsyncRAT-C-Sharp
NYAN-x-CAT/AsyncRAT-C-Sharp,Compiled/AsyncRAT v0.5.7A/Plugins/SendMemory.dll,0.5.7A,T17BA329BE779A8F10C19C0A75D5E3912103B2E7472177EB6A3E8613921E433DE8DDA6C4,c25f7e09ee886b74c2a184d767a31c820304922fa51d653fa0fa182a95ecd815,2024-12-11T18:20:48Z,https://github.com/NYAN-x-CAT/AsyncRAT-C-Sharp
NYAN-x-CAT/AsyncRAT-C-Sharp,Compiled/AsyncRAT v0.5.7A/Stub/Stub.exe,0.5.7A,T128033A01BBE5C237D3AC0B785973430046B5D697A602EB893CCC54EB2B57BCA5712BDA,d16b96e4df600ea67a0aea6cfa4ef0f22af38581c6c25a3c7e0a1ac060ec0d1b,2024-12-11T18:20:48Z,https://github.com/NYAN-x-CAT/AsyncRAT-C-Sharp
NYAN-x-CAT/AsyncRAT-C-Sharp,Compiled/AsyncRAT v0.5.6D/AsyncRAT.exe,v0.5.6D,T19C66AD32B6E48268F062C874F08176B5EE713C754F28F9D7CD45BA292E37AA58534F21,1f3b07d0d54c8ddf2bb7317089e0573d540d613c33c70a5c6ca868f618ee6287,2024-12-11T18:20:49Z,https://github.com/NYAN-x-CAT/AsyncRAT-C-Sharp
NYAN-x-CAT/AsyncRAT-C-Sharp,Compiled/AsyncRAT v0.5.6D/Plugins/Chat.dll,v0.5.6D,T15FC32ABFB7A59E20C29C2A36C1D7812413B19F876773DF0D7D8912514E433EA9D8A2C9,163114991338d611cac004b2276f76e78694a59cd16c80f1ef0af0db491c1549,2024-12-11T18:20:49Z,https://github.com/NYAN-x-CAT/AsyncRAT-C-Sharp
NYAN-x-CAT/AsyncRAT-C-Sharp,Compiled/AsyncRAT v0.5.6D/Plugins/Extra.dll,v0.5.6D,T10FC32AAFB6929F21D19C5975C593821403B6DA8337B7EB087D8D13558E033EA8D8F2C9,99e98558df97fd3f0099a31535da0c83f4de6622431afd4305d01ad745611ad6,2024-12-11T18:20:49Z,https://github.com/NYAN-x-CAT/AsyncRAT-C-Sharp
NYAN-x-CAT/AsyncRAT-C-Sharp,Compiled/AsyncRAT v0.5.6D/Plugins/FileManager.dll,v0.5.6D,T1B5D307BE72E19E51C28C2E75C5D7910813B5DB832373DB4A7D8A22154E023EB9C9F2C9,04c20ab4289a0740b24615a7376d07102fcdd55021d07471c8c9a9e4a3d51877,2024-12-11T18:20:49Z,https://github.com/NYAN-x-CAT/AsyncRAT-C-Sharp
NYAN-x-CAT/AsyncRAT-C-Sharp,Compiled/AsyncRAT v0.5.6D/Plugins/FileSearcher.dll,v0.5.6D,T1FB14C0AA72EB8F92C7D86676D4E3512003B597873233E74A7E8411860F413C9DA9F6DC,46da7a38375db3c97bb4bbc866e720d43b73e1b861b67ff5a118e6727c675829,2024-12-11T18:20:49Z,https://github.com/NYAN-x-CAT/AsyncRAT-C-Sharp
NYAN-x-CAT/AsyncRAT-C-Sharp,Compiled/AsyncRAT v0.5.6D/Plugins/LimeLogger.dll,v0.5.6D,T1C1B33BBE76D68E51C55C5A72C4D7812403B19B87767BDB4E7E8D22910F033EA8D8A2CC,d1e299f91497bf2a43462edc2f29513da6525016071cefb6bec3cef9fe66f419,2024-12-11T18:20:49Z,https://github.com/NYAN-x-CAT/AsyncRAT-C-Sharp
NYAN-x-CAT/AsyncRAT-C-Sharp,Compiled/AsyncRAT v0.5.6D/Plugins/Miscellaneous.dll,v0.5.6D,T13B542A16BA558E00C29D1A36C497610497B2DB8633B7DB0D7D9A336909133EEED4F2CB,e1a4c43fa71e559ffa26fc0cd7829aefbfb2f5a505c92dda77129ad4f082fdb1,2024-12-11T18:20:49Z,https://github.com/NYAN-x-CAT/AsyncRAT-C-Sharp
NYAN-x-CAT/AsyncRAT-C-Sharp,Compiled/AsyncRAT v0.5.6D/Plugins/Options.dll,v0.5.6D,T132C3F8BEB6A28F51C29D6E36C5D7811403769B826733DB0A7E4932564D033E9DD8F2C8,e88ebdf01cc3bd91b929b82218aaf35decae3378e3c64dab828d937a0eda3e05,2024-12-11T18:20:49Z,https://github.com/NYAN-x-CAT/AsyncRAT-C-Sharp
NYAN-x-CAT/AsyncRAT-C-Sharp,Compiled/AsyncRAT v0.5.6D/Plugins/ProcessManager.dll,v0.5.6D,T13BB3296EB2A28E10C2DC5935C9D3D51403B5DB833677EB0E7E8913A60D023EB9D5B6C9,ed59c99169918dab0bb13a974bf294f5d08e9ffec57adffaaf2f7dbb9f481feb,2024-12-11T18:20:49Z,https://github.com/NYAN-x-CAT/AsyncRAT-C-Sharp
NYAN-x-CAT/AsyncRAT-C-Sharp,Compiled/AsyncRAT v0.5.6D/Plugins/Recovery.dll,v0.5.6D,T191B4E07EB5D68F10C2581E36C0D2A2200376C7872273E75E7E8A269A4F127E76D4F5C9,bf9b4425d2bd54a4411a616d837b87547598f6b35992034b7d3d0053b3383fab,2024-12-11T18:20:49Z,https://github.com/NYAN-x-CAT/AsyncRAT-C-Sharp
NYAN-x-CAT/AsyncRAT-C-Sharp,Compiled/AsyncRAT v0.5.6D/Plugins/RemoteCamera.dll,v0.5.6D,T12904082BB5958E11C7481A36C4D7910453B58B976333DB0E3D8A23A56E133EFAD8F2C9,e6a09868cbc21249509035199afd18bc18beb294fdba97efeb95bc9dbfd5b9ea,2024-12-11T18:20:49Z,https://github.com/NYAN-x-CAT/AsyncRAT-C-Sharp
NYAN-x-CAT/AsyncRAT-C-Sharp,Compiled/AsyncRAT v0.5.6D/Plugins/RemoteDesktop.dll,v0.5.6D,T169D309AEB6958F10C39C2A35C0DB96140376A78323B3DB097D8D26595E033D9AD8F7C9,7c988d4968785dd1b498dede76d9e510accfa023c0e451c8a50d9c99b14dffea,2024-12-11T18:20:49Z,https://github.com/NYAN-x-CAT/AsyncRAT-C-Sharp
NYAN-x-CAT/AsyncRAT-C-Sharp,Compiled/AsyncRAT v0.5.6D/Plugins/SendFile.dll,v0.5.6D,T1BDB34AAFB2928E22C2587A75C49751140377DB8733B3D7097D8922564E033EA9E8F7C9,de46a4c527d21c20691664bb03fe3de9ba93168659bec11b77986b47058009ff,2024-12-11T18:20:49Z,https://github.com/NYAN-x-CAT/AsyncRAT-C-Sharp
NYAN-x-CAT/AsyncRAT-C-Sharp,Compiled/AsyncRAT v0.5.6D/Plugins/SendMemory.dll,v0.5.6D,T1EDB31A7F77E28E55C26C1535C1D7911403B19A87A773EB0A7E8E22954E033EA8D8F6C8,126c1b6c146acafd66a11b8ddc3c3aa2851cdf71356d8ba84a18b502bdb9a86e,2024-12-11T18:20:49Z,https://github.com/NYAN-x-CAT/AsyncRAT-C-Sharp
NYAN-x-CAT/AsyncRAT-C-Sharp,Compiled/AsyncRAT v0.5.6D/Stub/Stub.exe,v0.5.6D,T131033A01BBE4C27BD77D0B785873430046B595A76603EB997CCC18EA2B53BCA5312BDA,e715289c45b0b991c62721aec053595f5b30e1d50e4e1a68e54ee704ce135731,2024-12-11T18:20:49Z,https://github.com/NYAN-x-CAT/AsyncRAT-C-Sharp
NYAN-x-CAT/AsyncRAT-C-Sharp,AsyncRAT v0.5.6B/AsyncRAT.exe,0.5.6B,T19EB69F22FAE48166F036E5F2B0A126759EB0AE396F21FB7B954037580DF27417C15B23,0392a17f3f6574ad8d23881e9e9ce07ae013bbb25fbe087b9515c91e61c85b4f,2024-12-11T18:20:49Z,https://github.com/NYAN-x-CAT/AsyncRAT-C-Sharp
NYAN-x-CAT/AsyncRAT-C-Sharp,AsyncRAT v0.5.6B/Plugins/Chat.dll,0.5.6B,T1F98318AEA2F79E62C69C193BC4F540040372D3973283EB0F688811669F577DF66A56C8,eb64e8cc56776eda7071d145aab9b5c7f035d3779ba856f2688a7e04abbf2bc3,2024-12-11T18:20:49Z,https://github.com/NYAN-x-CAT/AsyncRAT-C-Sharp
NYAN-x-CAT/AsyncRAT-C-Sharp,AsyncRAT v0.5.6B/Plugins/Extra.dll,0.5.6B,T1798329EBA6F7CE62D3988A37C4F41105037BE7567643F70E388812295EA37DE46225C9,73eae336567b55d8d5d2d1f4b372beb44931234a8349df456fb80189dea36718,2024-12-11T18:20:49Z,https://github.com/NYAN-x-CAT/AsyncRAT-C-Sharp
NYAN-x-CAT/AsyncRAT-C-Sharp,AsyncRAT v0.5.6B/Plugins/FileManager.dll,0.5.6B,T197931AEEB3F7DE32D2588533E4F0100443A3C39A6523E70FA995139A4E277DE9A525D8,a2203f0c2de876945250e9c152f488b9b670d28d6e929899e9490fb736d55478,2024-12-11T18:20:49Z,https://github.com/NYAN-x-CAT/AsyncRAT-C-Sharp
NYAN-x-CAT/AsyncRAT-C-Sharp,AsyncRAT v0.5.6B/Plugins/LimeLogger.dll,0.5.6B,T1D2733B69A7F38E21C698593AD0E9810103B3C34665DBFB4F7DAC12124F237ED57626C9,ef4b4fa879fc7925ca4334d7c66b788199723a799a9eea4bbfed0b839d72d012,2024-12-11T18:20:49Z,https://github.com/NYAN-x-CAT/AsyncRAT-C-Sharp
NYAN-x-CAT/AsyncRAT-C-Sharp,AsyncRAT v0.5.6B/Plugins/Miscellaneous.dll,0.5.6B,T1CF142A24A7FACA62E3990F3BC0D0050493B6AB4155CBFA0F254922B52D533DEFD962D7,c182373734d88586cafca058d4bdbe6d8389b99c54a8da1a592de116ad18591d,2024-12-11T18:20:49Z,https://github.com/NYAN-x-CAT/AsyncRAT-C-Sharp
NYAN-x-CAT/AsyncRAT-C-Sharp,AsyncRAT v0.5.6B/Plugins/Options.dll,0.5.6B,T1778319EFAAF6DE16C79D0A3AD0E100110376C7467697EF0F298822665E137EF66315C8,5407f4746ffe017d141a38a746dcee83e47818515057b2bc643807aa7c63e79c,2024-12-11T18:20:49Z,https://github.com/NYAN-x-CAT/AsyncRAT-C-Sharp
NYAN-x-CAT/AsyncRAT-C-Sharp,AsyncRAT v0.5.6B/Plugins/ProcessManager.dll,0.5.6B,T159733ABEA2E7CF22C29C5A36A9F114040373E2972497EB0F399813225E737DE466D5C5,b8dbab70b486070037621c000bdd10c248a7fd36580d4f48b934ea5a422db82b,2024-12-11T18:20:49Z,https://github.com/NYAN-x-CAT/AsyncRAT-C-Sharp
NYAN-x-CAT/AsyncRAT-C-Sharp,AsyncRAT v0.5.6B/Plugins/Recovery.dll,0.5.6B,T1EE841251ABB88759DEAC0B38E8703018537A7157AA12E7895DC1C4EE1737FDA0426FC7,5fec77b7d882e97172c57bf8718f2dfa18af7d59af82fa29f21e6c7314997961,2024-12-11T18:20:49Z,https://github.com/NYAN-x-CAT/AsyncRAT-C-Sharp
NYAN-x-CAT/AsyncRAT-C-Sharp,AsyncRAT v0.5.6B/Plugins/RemoteCamera.dll,0.5.6B,T1C5D34B25B6F7CE12C36847BAD1E50A00A37A89116663EB4F36C412F57D237FE99201DB,af61c3930b84633e3699e6cfe196deb1a3f82af6a28f67cb03223e9291e684f5,2024-12-11T18:20:49Z,https://github.com/NYAN-x-CAT/AsyncRAT-C-Sharp
NYAN-x-CAT/AsyncRAT-C-Sharp,AsyncRAT v0.5.6B/Plugins/RemoteDesktop.dll,0.5.6B,T1BD9338BCA7F7CE32C6FC0A76C4E516001BB783465557F70E288416269E137DEAA913CA,09a6b34e716d068efe52458cc2e9cc2d650b1fa83f97af752dd7bbf7a212bd76,2024-12-11T18:20:49Z,https://github.com/NYAN-x-CAT/AsyncRAT-C-Sharp
NYAN-x-CAT/AsyncRAT-C-Sharp,AsyncRAT v0.5.6B/Plugins/SendFile.dll,0.5.6B,T1C0933BEEA7F7CE91C6AC5637C4F915100372D7826A13F71F2D882262AE437CE65162C5,dc1f7eed98727fccd2c41980bbee87da5eb1bfc8e9e7334dee3d85038ef20dcf,2024-12-11T18:20:49Z,https://github.com/NYAN-x-CAT/AsyncRAT-C-Sharp
NYAN-x-CAT/AsyncRAT-C-Sharp,AsyncRAT v0.5.6B/Stub/Stub.exe,0.5.6B,T1B2034B0037E88332C6FD4BBDA872431443B1E9676513DA4A7DCC90EE6B237DA97126D6,aed0aa0f9155b63d75a4ff12e7410f4b488e03d74988e82f58a8b4de63dc1d7f,2024-12-11T18:20:49Z,https://github.com/NYAN-x-CAT/AsyncRAT-C-Sharp
NYAN-x-CAT/AsyncRAT-C-Sharp,Compiled/AsyncRAT 0.5.6A/AsyncRAT.exe,v0.5.6A,T186B69E21FAE48167F076E6F6B0A126359EB0AE396F21EBBB554037580CF27417C15B23,deec8c8c9b2d3eeaf1e3117a6c5565875e046701513365d8a19932347e170507,2024-12-11T18:20:50Z,https://github.com/NYAN-x-CAT/AsyncRAT-C-Sharp
NYAN-x-CAT/AsyncRAT-C-Sharp,Compiled/AsyncRAT 0.5.6A/Plugins/Chat.dll,v0.5.6A,T1BCA3EB9C765076DFC85BC872DEA81C64EA60B4BB531BC203A02316ED9A0D99BCF151F3,4bc1d1685efdffd62a92f4c3a11075c4070fd52c9b210f70ca1a0ae1e41895a1,2024-12-11T18:20:50Z,https://github.com/NYAN-x-CAT/AsyncRAT-C-Sharp
NYAN-x-CAT/AsyncRAT-C-Sharp,Compiled/AsyncRAT 0.5.6A/Plugins/Extra.dll,v0.5.6A,T119A3DB9D765076DFC85BC876DEA82C64EA60747B531BC203A05316ADEA0D99BCF140F3,682c3d0c99ab1922ab31f792f3af490f443b27d5065383d4f5647e29c1098a68,2024-12-11T18:20:50Z,https://github.com/NYAN-x-CAT/AsyncRAT-C-Sharp
NYAN-x-CAT/AsyncRAT-C-Sharp,Compiled/AsyncRAT 0.5.6A/Plugins/FileManager.dll,v0.5.6A,T12BC3DCAC765076DFC85BC872DEA81C64EA50747B931F9203A06316EDAA0D99BCF150F3,917263fb9dd4c87d01b4f6732446e630c14bc7cc37ca5e402bcc4197b3ce5f23,2024-12-11T18:20:50Z,https://github.com/NYAN-x-CAT/AsyncRAT-C-Sharp
NYAN-x-CAT/AsyncRAT-C-Sharp,Compiled/AsyncRAT 0.5.6A/Plugins/LimeLogger.dll,v0.5.6A,T179A3BCAD766075DFC85BC872CEA81D64EA50B47B531F8203A05326ADAA0D9DBCF150F3,5d47d0b448232b2d94f6546d7da86c1ee02f027289e94c83d39beaac74cc9b82,2024-12-11T18:20:50Z,https://github.com/NYAN-x-CAT/AsyncRAT-C-Sharp
NYAN-x-CAT/AsyncRAT-C-Sharp,Compiled/AsyncRAT 0.5.6A/Plugins/Miscellaneous.dll,v0.5.6A,T1AE54BAAD765072DFC85BC872DEA81C64EA60747B431F9203A06716EDAE0D99BDF140F2,b5bfc444f45953d8b50674c1a9e384680dfe6d0ce3e2e6bd5d5131aa399d1e5e,2024-12-11T18:20:50Z,https://github.com/NYAN-x-CAT/AsyncRAT-C-Sharp
NYAN-x-CAT/AsyncRAT-C-Sharp,Compiled/AsyncRAT 0.5.6A/Plugins/Options.dll,v0.5.6A,T1A0B3CC9D766076DFC85BC876CEA82C64EA60747B531BD203A05316EDEA0D99BCF140F2,d19b5e64ee542bf79be61d99688c0c8e976d46900fa5fee74f5d4604fbbb11da,2024-12-11T18:20:50Z,https://github.com/NYAN-x-CAT/AsyncRAT-C-Sharp
NYAN-x-CAT/AsyncRAT-C-Sharp,Compiled/AsyncRAT 0.5.6A/Plugins/ProcessManager.dll,v0.5.6A,T1DCA3EC9D366076DFC85BC872DEA81C64EA50747B531BC343A06326EDAA0D99BCF150F2,7d042a901455bbe545b112413e6e02e018431d2ee690d1fe876619603d412545,2024-12-11T18:20:50Z,https://github.com/NYAN-x-CAT/AsyncRAT-C-Sharp
NYAN-x-CAT/AsyncRAT-C-Sharp,Compiled/AsyncRAT 0.5.6A/Plugins/Recovery.dll,v0.5.6A,T16A841252EB7D825ACBAD0E38E8B070185374B157A912E74E5DC4C8EA167BFD60063F87,f978342fae093915385ada5097b6fc014cee9d230f9f835bcad375c7556a55a0,2024-12-11T18:20:50Z,https://github.com/NYAN-x-CAT/AsyncRAT-C-Sharp
NYAN-x-CAT/AsyncRAT-C-Sharp,Compiled/AsyncRAT 0.5.6A/Plugins/RemoteCamera.dll,v0.5.6A,T1A204FD9D365076DFC85BC972DEA81D64EB6074BB530B9203A06316EDAE0D99BCF140F2,aaaed3eb57964c9a28508e3734d4adbe0511c758db97bc41bb6fa49a003ab801,2024-12-11T18:20:50Z,https://github.com/NYAN-x-CAT/AsyncRAT-C-Sharp
NYAN-x-CAT/AsyncRAT-C-Sharp,Compiled/AsyncRAT 0.5.6A/Plugins/RemoteDesktop.dll,v0.5.6A,T19CC31EAC765076DFC85BC872DEA81C64EA60B47B530BD303A45326AD9A0D99BCF150F3,33d87ccca43de4fe76c239784e4f66097c2fad874566740893f76757dd126b2a,2024-12-11T18:20:50Z,https://github.com/NYAN-x-CAT/AsyncRAT-C-Sharp
NYAN-x-CAT/AsyncRAT-C-Sharp,Compiled/AsyncRAT 0.5.6A/Plugins/SendFile.dll,v0.5.6A,T132D3AAAD765076DFC85BC872DEA82C64EA50747B931F9203A05316EDEA0D99BCF140F2,9c1350f59d063cf75326f40277c6c5ba527ecf5e08540dc5f23fb20e4c0d2af0,2024-12-11T18:20:50Z,https://github.com/NYAN-x-CAT/AsyncRAT-C-Sharp
NYAN-x-CAT/AsyncRAT-C-Sharp,Compiled/AsyncRAT 0.5.6A/Stub/Stub.exe,v0.5.6A,T1D9032B0037E88366D2FD4BBCA872420493B1D5272513DB5A7DCC94EE6B237CB9612BD6,a812bb930c3dbd7738e8eb43b5113d0f6d12c41a37a2c69ecce59f5310a083ca,2024-12-11T18:20:50Z,https://github.com/NYAN-x-CAT/AsyncRAT-C-Sharp
NYAN-x-CAT/AsyncRAT-C-Sharp,AsyncRAT v0.5.4H/AsyncRAT.exe,v0.5.4H,T13CB69E21BAE48166F036E5F2B09026759EB0BE79BF21EB7B594037680DF27417C15B23,cb5d8d1841cea541cadb4f20a99706325d84b1eb94d18cc254d14600960d5ee2,2024-12-11T18:20:51Z,https://github.com/NYAN-x-CAT/AsyncRAT-C-Sharp
NYAN-x-CAT/AsyncRAT-C-Sharp,AsyncRAT v0.5.4H/Plugins/Chat.dll,v0.5.4H,T1E4A3DC9D7650B6DFC85BC876DEA81C64EA5078BB430BC303A45326ED9A0D99BCF150F2,a25617ec661ecce26c18aed07cd5265fddf8ef2550278eef29a59b41526d478e,2024-12-11T18:20:51Z,https://github.com/NYAN-x-CAT/AsyncRAT-C-Sharp
NYAN-x-CAT/AsyncRAT-C-Sharp,AsyncRAT v0.5.4H/Plugins/Extra.dll,v0.5.4H,T185A3CA9D765076DFC86BC976CAA82C64EA607477530BD303A06326ED9A0D9DBCF140F2,04a259908fe668a386317494eeda214fe2b36ddc1b8d5772be7f685be61a440a,2024-12-11T18:20:51Z,https://github.com/NYAN-x-CAT/AsyncRAT-C-Sharp
NYAN-x-CAT/AsyncRAT-C-Sharp,AsyncRAT v0.5.4H/Plugins/FileManager.dll,v0.5.4H,T15AC3CCAD765076DFC85BC872DEA81C64EA60747B531F9203A06316ED9E0D99BCF240F2,1f5d37448d8d5f484a11f2fd061c263aea00d4d2bc5ca9ee61b7538a37b18f95,2024-12-11T18:20:51Z,https://github.com/NYAN-x-CAT/AsyncRAT-C-Sharp
NYAN-x-CAT/AsyncRAT-C-Sharp,AsyncRAT v0.5.4H/Plugins/LimeLogger.dll,v0.5.4H,T142B3CC9D766076DFC85BC872CEA82D64EA60747B530BD303A06316AD9A0D9DBCF150F2,fe182b423c4030311fbd5642a372df2b958947cf93ff2fbb18ba37625a79e945,2024-12-11T18:20:51Z,https://github.com/NYAN-x-CAT/AsyncRAT-C-Sharp
NYAN-x-CAT/AsyncRAT-C-Sharp,AsyncRAT v0.5.4H/Plugins/Miscellaneous.dll,v0.5.4H,T18D54A99D765076DFC86BC872DAA81C64EA60747B431F8203A46716EDEE0D99BCF140F2,6ca3b5848b3303d68b487a95908a29c340274d71f4931ab158f68ef9961a0929,2024-12-11T18:20:51Z,https://github.com/NYAN-x-CAT/AsyncRAT-C-Sharp
NYAN-x-CAT/AsyncRAT-C-Sharp,AsyncRAT v0.5.4H/Plugins/Options.dll,v0.5.4H,T199B3BBAD765076DFC85BC972DEA82D64EA60747B530B8203A05316EDEA0D99BCF140F3,99d8c7ebd562998f57f87b876710a850cfd32486e803537681ccb35fcbc8b3cd,2024-12-11T18:20:51Z,https://github.com/NYAN-x-CAT/AsyncRAT-C-Sharp
NYAN-x-CAT/AsyncRAT-C-Sharp,AsyncRAT v0.5.4H/Plugins/ProcessManager.dll,v0.5.4H,T1CEA3ED9D766076DFC85BC872CAA82C64EA50747B531BC343A46326EDDA0D99BCF140F2,635b3b6b100ba0852990dc4639711bac6c8b8f9d1fe081f5281f2ccc514effbf,2024-12-11T18:20:51Z,https://github.com/NYAN-x-CAT/AsyncRAT-C-Sharp
NYAN-x-CAT/AsyncRAT-C-Sharp,AsyncRAT v0.5.4H/Plugins/Recovery.dll,v0.5.4H,T16E840242EBB8925ACBAE0F35E87470184379B5979D12EB491DD4C4EA163BFD70062BC3,44b6a5e449315f650d0922741bb1ff70584dd2c2dccda6984b77d5f547bac914,2024-12-11T18:20:51Z,https://github.com/NYAN-x-CAT/AsyncRAT-C-Sharp
NYAN-x-CAT/AsyncRAT-C-Sharp,AsyncRAT v0.5.4H/Plugins/RemoteCamera.dll,v0.5.4H,T1C904ED9D3650B6DFC85BC972DEA81D64EB60747B530B9303A06316ADAE0D99BCF140F2,e80a059a89b718a554a4032c5641bd4746feadc0e72f04dce9af6bab0b2956c9,2024-12-11T18:20:51Z,https://github.com/NYAN-x-CAT/AsyncRAT-C-Sharp
NYAN-x-CAT/AsyncRAT-C-Sharp,AsyncRAT v0.5.4H/Plugins/RemoteDesktop.dll,v0.5.4H,T1B3C3EEAD7650B6DFC85BC972DEA81C64EA60747B530BC303A42316AD9A0D99BCF150F3,9dba6e5de8b2bf6efec5d8678db6c6fff575a0eb5cf81bf6f207950594233cff,2024-12-11T18:20:51Z,https://github.com/NYAN-x-CAT/AsyncRAT-C-Sharp
NYAN-x-CAT/AsyncRAT-C-Sharp,AsyncRAT v0.5.4H/Plugins/SendFile.dll,v0.5.4H,T1ECD3BBAD765076DFC857C872DEA82C64EA50747B931B9203A06316EDEE0D99BCF140F2,7bfc3ecb19a793e6cbbe5b0bf49704651b74822ca6357699fe39961e62f01b12,2024-12-11T18:20:51Z,https://github.com/NYAN-x-CAT/AsyncRAT-C-Sharp
NYAN-x-CAT/AsyncRAT-C-Sharp,AsyncRAT v0.5.4H/Stub/Stub.exe,v0.5.4H,T1F5031A0077D88336D6FC4BBD6471821993B1E5172813DB8A7EC890EA6B377CA92527D2,6148c673b02a5f0e7957671c20acf8ad7d966f523a2173397f7b0b7a355c5ec9,2024-12-11T18:20:51Z,https://github.com/NYAN-x-CAT/AsyncRAT-C-Sharp
NYAN-x-CAT/AsyncRAT-C-Sharp,AsyncRAT v0.5.3/AsyncRAT-Sharp.exe,v0.5.3,T1CA06F1702ED446CEF429CEB4701131B1CE765E7A6D5DFEB9CC81388A1EB6B08A251E53,47840e2a08da4c1ee1432305ce060832a4384a68514d8c0df3514b142bdd35ec,2024-12-11T18:20:51Z,https://github.com/NYAN-x-CAT/AsyncRAT-C-Sharp
NYAN-x-CAT/AsyncRAT-C-Sharp,AsyncRAT v0.5.3/Stub/Stub.exe,v0.5.3,T1B9B35B5433EC8A1AE2AD4B7CB4B1161146B6F41F6963DB8E5ED100BD29377C28A11BF3,9f0e70c42bba961924ae681647cf9e87e360db55285d7b2da2d220fd26f0fac6,2024-12-11T18:20:51Z,https://github.com/NYAN-x-CAT/AsyncRAT-C-Sharp
